name,address_va,address_rva,symbol_type,source,namespace
timeBeginPeriod,1,-4194303,Label,IMPORTED,WINMM.DLL
timeEndPeriod,2,-4194302,Label,IMPORTED,WINMM.DLL
joyGetPosEx,3,-4194301,Function,IMPORTED,WINMM.DLL
joyGetDevCapsA,4,-4194300,Function,IMPORTED,WINMM.DLL
joyGetNumDevs,5,-4194299,Function,IMPORTED,WINMM.DLL
mmioGetInfo,6,-4194298,Label,IMPORTED,WINMM.DLL
mmioSeek,7,-4194297,Label,IMPORTED,WINMM.DLL
mmioDescend,8,-4194296,Label,IMPORTED,WINMM.DLL
mmioSetInfo,9,-4194295,Label,IMPORTED,WINMM.DLL
mmioAscend,10,-4194294,Label,IMPORTED,WINMM.DLL
mmioAdvance,11,-4194293,Label,IMPORTED,WINMM.DLL
mmioClose,12,-4194292,Label,IMPORTED,WINMM.DLL
mmioCreateChunk,13,-4194291,Label,IMPORTED,WINMM.DLL
mmioWrite,14,-4194290,Label,IMPORTED,WINMM.DLL
DirectSoundCreate,15,-4194289,Function,IMPORTED,DSOUND.DLL
GetModuleHandleA,16,-4194288,Label,IMPORTED,KERNEL32.DLL
GetSystemDefaultLCID,17,-4194287,Label,IMPORTED,KERNEL32.DLL
FormatMessageA,18,-4194286,Label,IMPORTED,KERNEL32.DLL
Sleep,19,-4194285,Label,IMPORTED,KERNEL32.DLL
PulseEvent,20,-4194284,Label,IMPORTED,KERNEL32.DLL
SetEvent,21,-4194283,Label,IMPORTED,KERNEL32.DLL
InitializeCriticalSection,22,-4194282,Label,IMPORTED,KERNEL32.DLL
CreateEventA,23,-4194281,Label,IMPORTED,KERNEL32.DLL
LeaveCriticalSection,24,-4194280,Label,IMPORTED,KERNEL32.DLL
SetThreadPriority,25,-4194279,Label,IMPORTED,KERNEL32.DLL
EnterCriticalSection,26,-4194278,Label,IMPORTED,KERNEL32.DLL
DeleteCriticalSection,27,-4194277,Label,IMPORTED,KERNEL32.DLL
OutputDebugStringA,28,-4194276,Label,IMPORTED,KERNEL32.DLL
CloseHandle,29,-4194275,Label,IMPORTED,KERNEL32.DLL
RaiseException,30,-4194274,Label,IMPORTED,KERNEL32.DLL
WaitForSingleObjectEx,31,-4194273,Label,IMPORTED,KERNEL32.DLL
GetCurrentThreadId,32,-4194272,Function,IMPORTED,KERNEL32.DLL
GetCurrentThread,33,-4194271,Function,IMPORTED,KERNEL32.DLL
TerminateThread,34,-4194270,Label,IMPORTED,KERNEL32.DLL
SetPriorityClass,35,-4194269,Label,IMPORTED,KERNEL32.DLL
GetCurrentProcess,36,-4194268,Function,IMPORTED,KERNEL32.DLL
GetLastError,37,-4194267,Function,IMPORTED,KERNEL32.DLL
TlsGetValue,38,-4194266,Function,IMPORTED,KERNEL32.DLL
SetWaitableTimer,39,-4194265,Label,IMPORTED,KERNEL32.DLL
GetQueuedCompletionStatus,40,-4194264,Label,IMPORTED,KERNEL32.DLL
LoadLibraryA,41,-4194263,Label,IMPORTED,KERNEL32.DLL
WaitForSingleObject,42,-4194262,Label,IMPORTED,KERNEL32.DLL
SleepEx,43,-4194261,Label,IMPORTED,KERNEL32.DLL
TlsSetValue,44,-4194260,Label,IMPORTED,KERNEL32.DLL
WideCharToMultiByte,45,-4194259,Label,IMPORTED,KERNEL32.DLL
InitializeCriticalSectionAndSpinCount,46,-4194258,Label,IMPORTED,KERNEL32.DLL
GetSystemTimeAsFileTime,47,-4194257,Label,IMPORTED,KERNEL32.DLL
VerifyVersionInfoA,48,-4194256,Function,IMPORTED,KERNEL32.DLL
SetLastError,49,-4194255,Label,IMPORTED,KERNEL32.DLL
QueueUserAPC,50,-4194254,Label,IMPORTED,KERNEL32.DLL
CreateEventW,51,-4194253,Label,IMPORTED,KERNEL32.DLL
PostQueuedCompletionStatus,52,-4194252,Label,IMPORTED,KERNEL32.DLL
WaitForMultipleObjects,53,-4194251,Label,IMPORTED,KERNEL32.DLL
CreateIoCompletionPort,54,-4194250,Label,IMPORTED,KERNEL32.DLL
TlsAlloc,55,-4194249,Label,IMPORTED,KERNEL32.DLL
CreateWaitableTimerA,56,-4194248,Function,IMPORTED,KERNEL32.DLL
TlsFree,57,-4194247,Label,IMPORTED,KERNEL32.DLL
MultiByteToWideChar,58,-4194246,Label,IMPORTED,KERNEL32.DLL
AllocConsole,59,-4194245,Label,IMPORTED,KERNEL32.DLL
SetConsoleTextAttribute,60,-4194244,Label,IMPORTED,KERNEL32.DLL
SetConsoleActiveScreenBuffer,61,-4194243,Label,IMPORTED,KERNEL32.DLL
SetConsoleScreenBufferSize,62,-4194242,Label,IMPORTED,KERNEL32.DLL
GetConsoleWindow,63,-4194241,Label,IMPORTED,KERNEL32.DLL
SetConsoleTitleA,64,-4194240,Label,IMPORTED,KERNEL32.DLL
GetStdHandle,65,-4194239,Label,IMPORTED,KERNEL32.DLL
WriteConsoleA,66,-4194238,Label,IMPORTED,KERNEL32.DLL
GetConsoleScreenBufferInfo,67,-4194237,Label,IMPORTED,KERNEL32.DLL
SetConsoleCtrlHandler,68,-4194236,Label,IMPORTED,KERNEL32.DLL
SetConsoleWindowInfo,69,-4194235,Label,IMPORTED,KERNEL32.DLL
VerSetConditionMask,70,-4194234,Label,IMPORTED,KERNEL32.DLL
GetModuleFileNameA,71,-4194233,Label,IMPORTED,KERNEL32.DLL
LocalFree,72,-4194232,Label,IMPORTED,KERNEL32.DLL
EncodePointer,73,-4194231,Label,IMPORTED,KERNEL32.DLL
DecodePointer,74,-4194230,Label,IMPORTED,KERNEL32.DLL
FreeLibrary,75,-4194229,Label,IMPORTED,KERNEL32.DLL
IsDebuggerPresent,76,-4194228,Label,IMPORTED,KERNEL32.DLL
IsProcessorFeaturePresent,77,-4194227,Label,IMPORTED,KERNEL32.DLL
QueryPerformanceCounter,78,-4194226,Label,IMPORTED,KERNEL32.DLL
AreFileApisANSI,79,-4194225,Label,IMPORTED,KERNEL32.DLL
MoveFileExW,80,-4194224,Label,IMPORTED,KERNEL32.DLL
DeviceIoControl,81,-4194223,Function,IMPORTED,KERNEL32.DLL
RemoveDirectoryW,82,-4194222,Label,IMPORTED,KERNEL32.DLL
GetFileAttributesExW,83,-4194221,Label,IMPORTED,KERNEL32.DLL
GetFileAttributesW,84,-4194220,Label,IMPORTED,KERNEL32.DLL
FindNextFileW,85,-4194219,Label,IMPORTED,KERNEL32.DLL
FindFirstFileW,86,-4194218,Label,IMPORTED,KERNEL32.DLL
FindClose,87,-4194217,Label,IMPORTED,KERNEL32.DLL
DeleteFileW,88,-4194216,Label,IMPORTED,KERNEL32.DLL
CreateFileW,89,-4194215,Label,IMPORTED,KERNEL32.DLL
CreateDirectoryW,90,-4194214,Label,IMPORTED,KERNEL32.DLL
GetCurrentProcessId,91,-4194213,Function,IMPORTED,KERNEL32.DLL
GetProcAddress,92,-4194212,Function,IMPORTED,KERNEL32.DLL
GetRawInputData,93,-4194211,Label,IMPORTED,USER32.DLL
GetKeyState,94,-4194210,Function,IMPORTED,USER32.DLL
AttachThreadInput,95,-4194209,Label,IMPORTED,USER32.DLL
GetForegroundWindow,96,-4194208,Function,IMPORTED,USER32.DLL
MapVirtualKeyA,97,-4194207,Function,IMPORTED,USER32.DLL
MessageBoxA,98,-4194206,Function,IMPORTED,USER32.DLL
BringWindowToTop,99,-4194205,Function,IMPORTED,USER32.DLL
RegisterRawInputDevices,100,-4194204,Label,IMPORTED,USER32.DLL
CallWindowProcA,101,-4194203,Function,IMPORTED,USER32.DLL
FindWindowA,102,-4194202,Function,IMPORTED,USER32.DLL
GetWindowThreadProcessId,103,-4194201,Function,IMPORTED,USER32.DLL
MsgWaitForMultipleObjects,104,-4194200,Function,IMPORTED,USER32.DLL
SetCursor,105,-4194199,Label,IMPORTED,USER32.DLL
SetForegroundWindow,106,-4194198,Label,IMPORTED,USER32.DLL
GetFocus,107,-4194197,Function,IMPORTED,USER32.DLL
SetFocus,108,-4194196,Label,IMPORTED,USER32.DLL
DispatchMessageA,109,-4194195,Function,IMPORTED,USER32.DLL
PostMessageA,110,-4194194,Function,IMPORTED,USER32.DLL
PeekMessageA,111,-4194193,Function,IMPORTED,USER32.DLL
TranslateMessage,112,-4194192,Function,IMPORTED,USER32.DLL
IsIconic,113,-4194191,Function,IMPORTED,USER32.DLL
GetMessageA,114,-4194190,Function,IMPORTED,USER32.DLL
ClipCursor,115,-4194189,Label,IMPORTED,USER32.DLL
GetActiveWindow,116,-4194188,Function,IMPORTED,USER32.DLL
GetCursorPos,117,-4194187,Function,IMPORTED,USER32.DLL
SetCursorPos,118,-4194186,Label,IMPORTED,USER32.DLL
GetCursorInfo,119,-4194185,Label,IMPORTED,USER32.DLL
ShowCursor,120,-4194184,Label,IMPORTED,USER32.DLL
ScreenToClient,121,-4194183,Function,IMPORTED,USER32.DLL
ClientToScreen,122,-4194182,Function,IMPORTED,USER32.DLL
LoadImageA,123,-4194181,Function,IMPORTED,USER32.DLL
GetSystemMenu,124,-4194180,Label,IMPORTED,USER32.DLL
LoadIconA,125,-4194179,Function,IMPORTED,USER32.DLL
EnableMenuItem,126,-4194178,Function,IMPORTED,USER32.DLL
GetSystemMetrics,127,-4194177,Function,IMPORTED,USER32.DLL
SetWindowPos,128,-4194176,Label,IMPORTED,USER32.DLL
SetClassLongA,129,-4194175,Function,IMPORTED,USER32.DLL
MonitorFromWindow,130,-4194174,Function,IMPORTED,USER32.DLL
GetWindowLongA,131,-4194173,Function,IMPORTED,USER32.DLL
SetWindowLongA,132,-4194172,Function,IMPORTED,USER32.DLL
GetMonitorInfoA,133,-4194171,Function,IMPORTED,USER32.DLL
SendMessageA,134,-4194170,Function,IMPORTED,USER32.DLL
EnumDisplaySettingsA,135,-4194169,Function,IMPORTED,USER32.DLL
GetWindowRect,136,-4194168,Function,IMPORTED,USER32.DLL
GetClientRect,137,-4194167,Function,IMPORTED,USER32.DLL
UpdateWindow,138,-4194166,Function,IMPORTED,USER32.DLL
ShowWindow,139,-4194165,Label,IMPORTED,USER32.DLL
keybd_event,140,-4194164,Function,IMPORTED,USER32.DLL
CryptEnumProvidersA,141,-4194163,Label,IMPORTED,ADVAPI32.DLL
CryptReleaseContext,142,-4194162,Label,IMPORTED,ADVAPI32.DLL
CryptAcquireContextA,143,-4194161,Label,IMPORTED,ADVAPI32.DLL
CryptGenRandom,144,-4194160,Label,IMPORTED,ADVAPI32.DLL
RegCloseKey,145,-4194159,Label,IMPORTED,ADVAPI32.DLL
RegOpenKeyExA,146,-4194158,Label,IMPORTED,ADVAPI32.DLL
RegQueryValueExA,147,-4194157,Label,IMPORTED,ADVAPI32.DLL
?ZERO@Vector3@Ogre@@2V12@B,148,-4194156,Label,IMPORTED,OGREMAIN.DLL
?White@ColourValue@Ogre@@2V12@B,149,-4194155,Label,IMPORTED,OGREMAIN.DLL
?setManuallyControlled@Bone@Ogre@@QAEX_N@Z,150,-4194154,Label,IMPORTED,OGREMAIN.DLL
?setBindingPose@Bone@Ogre@@QAEXXZ,151,-4194153,Function,IMPORTED,OGREMAIN.DLL
?setTimePosition@AnimationState@Ogre@@QAEXM@Z,152,-4194152,Function,IMPORTED,OGREMAIN.DLL
?setDepthClear@Viewport@Ogre@@QAEXM@Z,153,-4194151,Function,IMPORTED,OGREMAIN.DLL
?setDimensions@Viewport@Ogre@@QAEXMMMM@Z,154,-4194150,Function,IMPORTED,OGREMAIN.DLL
?getActualHeight@Viewport@Ogre@@QBEHXZ,155,-4194149,Function,IMPORTED,OGREMAIN.DLL
?getActualWidth@Viewport@Ogre@@QBEHXZ,156,-4194148,Function,IMPORTED,OGREMAIN.DLL
?getZOrder@Viewport@Ogre@@QBEHXZ,157,-4194147,Function,IMPORTED,OGREMAIN.DLL
?IDENTITY@Quaternion@Ogre@@2V12@B,158,-4194146,Label,IMPORTED,OGREMAIN.DLL
?getShadowCamera@DefaultShadowCameraSetup@Ogre@@UBEXPBVSceneManager@2@PBVCamera@2@PBVViewport@2@PBVLight@2@PAV42@I@Z,159,-4194145,Function,IMPORTED,OGREMAIN.DLL
??1DefaultShadowCameraSetup@Ogre@@UAE@XZ,160,-4194144,Function,IMPORTED,OGREMAIN.DLL
??0DefaultShadowCameraSetup@Ogre@@QAE@XZ,161,-4194143,Function,IMPORTED,OGREMAIN.DLL
?getOptimalAdjustFactor@PSSMShadowCameraSetup@Ogre@@UBEMXZ,162,-4194142,Function,IMPORTED,OGREMAIN.DLL
?getShadowCamera@PSSMShadowCameraSetup@Ogre@@UBEXPBVSceneManager@2@PBVCamera@2@PBVViewport@2@PBVLight@2@PAV42@I@Z,163,-4194141,Function,IMPORTED,OGREMAIN.DLL
?setOptimalAdjustFactor@PSSMShadowCameraSetup@Ogre@@QAEXIM@Z,164,-4194140,Function,IMPORTED,OGREMAIN.DLL
?setSplitPoints@PSSMShadowCameraSetup@Ogre@@QAEXABV?$vector@MV?$STLAllocator@MV?$CategorisedAllocPolicy@$0A@@Ogre@@@Ogre@@@std@@@Z,165,-4194139,Function,IMPORTED,OGREMAIN.DLL
??1PSSMShadowCameraSetup@Ogre@@UAE@XZ,166,-4194138,Function,IMPORTED,OGREMAIN.DLL
??0PSSMShadowCameraSetup@Ogre@@QAE@XZ,167,-4194137,Function,IMPORTED,OGREMAIN.DLL
?getSingleton@MeshManager@Ogre@@SAAAV12@XZ,168,-4194136,Function,IMPORTED,OGREMAIN.DLL
?load@MeshManager@Ogre@@QAE?AV?$SharedPtr@VMesh@Ogre@@@2@ABV?$basic_string@DU?$char_traits@D@std@@V?$allocator@D@2@@std@@0W4Usage@HardwareBuffer@2@1_N2@Z,169,-4194135,Function,IMPORTED,OGREMAIN.DLL
?NEGATIVE_UNIT_Z@Vector3@Ogre@@2V12@B,170,-4194134,Label,IMPORTED,OGREMAIN.DLL
?hasAnimationState@AnimationStateSet@Ogre@@QBE_NABV?$basic_string@DU?$char_traits@D@std@@V?$allocator@D@2@@std@@@Z,171,-4194133,Function,IMPORTED,OGREMAIN.DLL
?getAnimationState@AnimationStateSet@Ogre@@QBEPAVAnimationState@2@ABV?$basic_string@DU?$char_traits@D@std@@V?$allocator@D@2@@std@@@Z,172,-4194132,Function,IMPORTED,OGREMAIN.DLL
?refreshAvailableAnimationState@Entity@Ogre@@QAEXXZ,173,-4194131,Function,IMPORTED,OGREMAIN.DLL
?getAllAnimationStates@Entity@Ogre@@QBEPAVAnimationStateSet@2@XZ,174,-4194130,Function,IMPORTED,OGREMAIN.DLL
?getMesh@Entity@Ogre@@QBEABV?$SharedPtr@VMesh@Ogre@@@2@XZ,175,-4194129,Function,IMPORTED,OGREMAIN.DLL
?getName@Node@Ogre@@QBEABV?$basic_string@DU?$char_traits@D@std@@V?$allocator@D@2@@std@@XZ,176,-4194128,Function,IMPORTED,OGREMAIN.DLL
?_setBoundingSphereRadius@Mesh@Ogre@@QAEXM@Z,177,-4194127,Function,IMPORTED,OGREMAIN.DLL
?_setBounds@Mesh@Ogre@@QAEXABVAxisAlignedBox@2@_N@Z,178,-4194126,Function,IMPORTED,OGREMAIN.DLL
?setShadowFarDistance@Light@Ogre@@QAEXM@Z,179,-4194125,Function,IMPORTED,OGREMAIN.DLL
?setDirection@Light@Ogre@@QAEXABVVector3@2@@Z,180,-4194124,Function,IMPORTED,OGREMAIN.DLL
?setPosition@Light@Ogre@@QAEXABVVector3@2@@Z,181,-4194123,Function,IMPORTED,OGREMAIN.DLL
?setSpecularColour@Light@Ogre@@QAEXABVColourValue@2@@Z,182,-4194122,Function,IMPORTED,OGREMAIN.DLL
?setDiffuseColour@Light@Ogre@@QAEXABVColourValue@2@@Z,183,-4194121,Function,IMPORTED,OGREMAIN.DLL
?logMessage@Log@Ogre@@QAEXABV?$basic_string@DU?$char_traits@D@std@@V?$allocator@D@2@@std@@W4LogMessageLevel@2@_N@Z,184,-4194120,Function,IMPORTED,OGREMAIN.DLL
??DQuaternion@Ogre@@QBE?AV01@ABV01@@Z,185,-4194119,Function,IMPORTED,OGREMAIN.DLL
??DQuaternion@Ogre@@QBE?AVVector3@1@ABV21@@Z,186,-4194118,Function,IMPORTED,OGREMAIN.DLL
?getReceivesShadows@MovableObject@Ogre@@QAE_NXZ,187,-4194117,Function,IMPORTED,OGREMAIN.DLL
?setOrientation@Camera@Ogre@@QAEXABVQuaternion@2@@Z,188,-4194116,Function,IMPORTED,OGREMAIN.DLL
?pitch@Camera@Ogre@@QAEXABVRadian@2@@Z,189,-4194115,Function,IMPORTED,OGREMAIN.DLL
?yaw@Camera@Ogre@@QAEXABVRadian@2@@Z,190,-4194114,Function,IMPORTED,OGREMAIN.DLL
?roll@Camera@Ogre@@QAEXABVRadian@2@@Z,191,-4194113,Function,IMPORTED,OGREMAIN.DLL
?setFog@SceneManager@Ogre@@QAEXW4FogMode@2@ABVColourValue@2@MMM@Z,192,-4194112,Function,IMPORTED,OGREMAIN.DLL
?setAmbientLight@SceneManager@Ogre@@QAEXABVColourValue@2@@Z,193,-4194111,Function,IMPORTED,OGREMAIN.DLL
?UNIT_X@Vector3@Ogre@@2V12@B,194,-4194110,Label,IMPORTED,OGREMAIN.DLL
?getAutoCreatedWindow@Root@Ogre@@QAEPAVRenderWindow@2@XZ,195,-4194109,Function,IMPORTED,OGREMAIN.DLL
?renderOneFrame@Root@Ogre@@QAE_NXZ,196,-4194108,Function,IMPORTED,OGREMAIN.DLL
?resourceExistsInAnyGroup@ResourceGroupManager@Ogre@@QAE_NABV?$basic_string@DU?$char_traits@D@std@@V?$allocator@D@2@@std@@@Z,197,-4194107,Function,IMPORTED,OGREMAIN.DLL
?unloadResourceGroup@ResourceGroupManager@Ogre@@QAEXABV?$basic_string@DU?$char_traits@D@std@@V?$allocator@D@2@@std@@_N@Z,198,-4194106,Function,IMPORTED,OGREMAIN.DLL
??3?$AllocatedObject@V?$CategorisedAllocPolicy@$02@Ogre@@@Ogre@@SAXPAX@Z,199,-4194105,Label,IMPORTED,OGREMAIN.DLL
??2?$AllocatedObject@V?$CategorisedAllocPolicy@$02@Ogre@@@Ogre@@SAPAXI@Z,200,-4194104,Label,IMPORTED,OGREMAIN.DLL
?getUseSimpleOptimalAdjust@LiSPSMShadowCameraSetup@Ogre@@UBE_NXZ,201,-4194103,Function,IMPORTED,OGREMAIN.DLL
?setUseSimpleOptimalAdjust@LiSPSMShadowCameraSetup@Ogre@@UAEX_N@Z,202,-4194102,Function,IMPORTED,OGREMAIN.DLL
?setOptimalAdjustFactor@LiSPSMShadowCameraSetup@Ogre@@UAEXM@Z,203,-4194101,Function,IMPORTED,OGREMAIN.DLL
?setUseAggressiveFocusRegion@FocusedShadowCameraSetup@Ogre@@QAEX_N@Z,204,-4194100,Function,IMPORTED,OGREMAIN.DLL
?getSubMeshIterator@Mesh@Ogre@@QAE?AV?$VectorIterator@V?$vector@PAVSubMesh@Ogre@@V?$STLAllocator@PAVSubMesh@Ogre@@V?$CategorisedAllocPolicy@$0A@@2@@2@@std@@@2@XZ,205,-4194099,Function,IMPORTED,OGREMAIN.DLL
?getCreator@SceneNode@Ogre@@QBEPAVSceneManager@2@XZ,206,-4194098,Function,IMPORTED,OGREMAIN.DLL
?setMaterialScheme@Viewport@Ogre@@QAEXABV?$basic_string@DU?$char_traits@D@std@@V?$allocator@D@2@@std@@@Z,207,-4194097,Function,IMPORTED,OGREMAIN.DLL
?setShadowTextureCountPerLightType@SceneManager@Ogre@@QAEXW4LightTypes@Light@2@I@Z,208,-4194096,Function,IMPORTED,OGREMAIN.DLL
?setLoop@AnimationState@Ogre@@QAEX_N@Z,209,-4194095,Function,IMPORTED,OGREMAIN.DLL
?setShadowFarClipDistance@Light@Ogre@@QAEXM@Z,210,-4194094,Function,IMPORTED,OGREMAIN.DLL
?setShadowNearClipDistance@Light@Ogre@@QAEXM@Z,211,-4194093,Function,IMPORTED,OGREMAIN.DLL
?getSkeleton@Entity@Ogre@@QBEPAVSkeletonInstance@2@XZ,212,-4194092,Function,IMPORTED,OGREMAIN.DLL
?scale@AxisAlignedBox@Ogre@@QAEXABVVector3@2@@Z,213,-4194091,Function,IMPORTED,OGREMAIN.DLL
??0AxisAlignedBox@Ogre@@QAE@W4Extent@01@@Z,214,-4194090,Function,IMPORTED,OGREMAIN.DLL
??0Matrix3@Ogre@@QAE@XZ,215,-4194089,Function,IMPORTED,OGREMAIN.DLL
??0Vector3@Ogre@@QAE@XZ,216,-4194088,Function,IMPORTED,OGREMAIN.DLL
??4Quaternion@Ogre@@QAEAAV01@ABV01@@Z,217,-4194087,Function,IMPORTED,OGREMAIN.DLL
??0Quaternion@Ogre@@QAE@ABVRadian@1@ABVVector3@1@@Z,218,-4194086,Function,IMPORTED,OGREMAIN.DLL
??0Quaternion@Ogre@@QAE@MMMM@Z,219,-4194085,Function,IMPORTED,OGREMAIN.DLL
??0Quaternion@Ogre@@QAE@XZ,220,-4194084,Function,IMPORTED,OGREMAIN.DLL
?_getTexturePtr@TextureUnitState@Ogre@@QBEABV?$SharedPtr@VTexture@Ogre@@@2@XZ,221,-4194083,Function,IMPORTED,OGREMAIN.DLL
?copyTempVertexToBuffer@ManualObject@Ogre@@MAEXXZ,222,-4194082,Function,IMPORTED,OGREMAIN.DLL
?resizeTempIndexBufferIfNeeded@ManualObject@Ogre@@MAEXI@Z,223,-4194081,Function,IMPORTED,OGREMAIN.DLL
?resizeTempVertexBufferIfNeeded@ManualObject@Ogre@@MAEXI@Z,224,-4194080,Function,IMPORTED,OGREMAIN.DLL
?resetTempAreas@ManualObject@Ogre@@MAEXXZ,225,-4194079,Function,IMPORTED,OGREMAIN.DLL
?visitRenderables@ManualObject@Ogre@@UAEXPAVVisitor@Renderable@2@_N@Z,226,-4194078,Function,IMPORTED,OGREMAIN.DLL
?getShadowVolumeRenderableIterator@ManualObject@Ogre@@UAE?AV?$VectorIterator@V?$vector@PAVShadowRenderable@Ogre@@V?$STLAllocator@PAVShadowRenderable@Ogre@@V?$CategorisedAllocPolicy@$0A@@2@@2@@std@@@2@W4ShadowTechnique@2@PBVLight@2@PAVHardwareIndexBufferSharedPtr@2@PAI_NMK@Z,227,-4194077,Function,IMPORTED,OGREMAIN.DLL
?hasEdgeList@ManualObject@Ogre@@UAE_NXZ,228,-4194076,Function,IMPORTED,OGREMAIN.DLL
?getEdgeList@ManualObject@Ogre@@UAEPAVEdgeData@2@XZ,229,-4194075,Function,IMPORTED,OGREMAIN.DLL
?_updateRenderQueue@ManualObject@Ogre@@UAEXPAVRenderQueue@2@@Z,230,-4194074,Function,IMPORTED,OGREMAIN.DLL
?getBoundingRadius@ManualObject@Ogre@@UBEMXZ,231,-4194073,Function,IMPORTED,OGREMAIN.DLL
?getBoundingBox@ManualObject@Ogre@@UBEABVAxisAlignedBox@2@XZ,232,-4194072,Function,IMPORTED,OGREMAIN.DLL
?getMovableType@ManualObject@Ogre@@UBEABV?$basic_string@DU?$char_traits@D@std@@V?$allocator@D@2@@std@@XZ,233,-4194071,Function,IMPORTED,OGREMAIN.DLL
?getNumSections@ManualObject@Ogre@@QBEIXZ,234,-4194070,Function,IMPORTED,OGREMAIN.DLL
?convertToMesh@ManualObject@Ogre@@UAE?AV?$SharedPtr@VMesh@Ogre@@@2@ABV?$basic_string@DU?$char_traits@D@std@@V?$allocator@D@2@@std@@0@Z,235,-4194069,Function,IMPORTED,OGREMAIN.DLL
?setMaterialName@ManualObject@Ogre@@UAEXIABV?$basic_string@DU?$char_traits@D@std@@V?$allocator@D@2@@std@@0@Z,236,-4194068,Function,IMPORTED,OGREMAIN.DLL
?end@ManualObject@Ogre@@UAEPAVManualObjectSection@12@XZ,237,-4194067,Function,IMPORTED,OGREMAIN.DLL
?getCurrentIndexCount@ManualObject@Ogre@@UBEIXZ,238,-4194066,Function,IMPORTED,OGREMAIN.DLL
?getCurrentVertexCount@ManualObject@Ogre@@UBEIXZ,239,-4194065,Function,IMPORTED,OGREMAIN.DLL
?quad@ManualObject@Ogre@@UAEXIIII@Z,240,-4194064,Function,IMPORTED,OGREMAIN.DLL
?triangle@ManualObject@Ogre@@UAEXIII@Z,241,-4194063,Function,IMPORTED,OGREMAIN.DLL
?index@ManualObject@Ogre@@UAEXI@Z,242,-4194062,Function,IMPORTED,OGREMAIN.DLL
?colour@ManualObject@Ogre@@UAEXABVColourValue@2@@Z,243,-4194061,Function,IMPORTED,OGREMAIN.DLL
?colour@ManualObject@Ogre@@UAEXMMMM@Z,244,-4194060,Function,IMPORTED,OGREMAIN.DLL
?textureCoord@ManualObject@Ogre@@UAEXM@Z,245,-4194059,Function,IMPORTED,OGREMAIN.DLL
?textureCoord@ManualObject@Ogre@@UAEXMM@Z,246,-4194058,Function,IMPORTED,OGREMAIN.DLL
?textureCoord@ManualObject@Ogre@@UAEXMMM@Z,247,-4194057,Function,IMPORTED,OGREMAIN.DLL
?textureCoord@ManualObject@Ogre@@UAEXMMMM@Z,248,-4194056,Function,IMPORTED,OGREMAIN.DLL
?textureCoord@ManualObject@Ogre@@UAEXABVVector2@2@@Z,249,-4194055,Function,IMPORTED,OGREMAIN.DLL
?textureCoord@ManualObject@Ogre@@UAEXABVVector3@2@@Z,250,-4194054,Function,IMPORTED,OGREMAIN.DLL
?textureCoord@ManualObject@Ogre@@UAEXABVVector4@2@@Z,251,-4194053,Function,IMPORTED,OGREMAIN.DLL
?tangent@ManualObject@Ogre@@UAEXABVVector3@2@@Z,252,-4194052,Function,IMPORTED,OGREMAIN.DLL
?tangent@ManualObject@Ogre@@UAEXMMM@Z,253,-4194051,Function,IMPORTED,OGREMAIN.DLL
?normal@ManualObject@Ogre@@UAEXABVVector3@2@@Z,254,-4194050,Function,IMPORTED,OGREMAIN.DLL
?normal@ManualObject@Ogre@@UAEXMMM@Z,255,-4194049,Function,IMPORTED,OGREMAIN.DLL
?position@ManualObject@Ogre@@UAEXABVVector3@2@@Z,256,-4194048,Function,IMPORTED,OGREMAIN.DLL
?position@ManualObject@Ogre@@UAEXMMM@Z,257,-4194047,Function,IMPORTED,OGREMAIN.DLL
?beginUpdate@ManualObject@Ogre@@UAEXI@Z,258,-4194046,Function,IMPORTED,OGREMAIN.DLL
?begin@ManualObject@Ogre@@UAEXABV?$basic_string@DU?$char_traits@D@std@@V?$allocator@D@2@@std@@W4OperationType@RenderOperation@2@0@Z,259,-4194045,Function,IMPORTED,OGREMAIN.DLL
?estimateIndexCount@ManualObject@Ogre@@UAEXI@Z,260,-4194044,Function,IMPORTED,OGREMAIN.DLL
?estimateVertexCount@ManualObject@Ogre@@UAEXI@Z,261,-4194043,Function,IMPORTED,OGREMAIN.DLL
?clear@ManualObject@Ogre@@UAEXXZ,262,-4194042,Function,IMPORTED,OGREMAIN.DLL
??1ManualObject@Ogre@@UAE@XZ,263,-4194041,Function,IMPORTED,OGREMAIN.DLL
??0ManualObject@Ogre@@QAE@ABV?$basic_string@DU?$char_traits@D@std@@V?$allocator@D@2@@std@@@Z,264,-4194040,Function,IMPORTED,OGREMAIN.DLL
?_notifyCurrentCamera@MovableObject@Ogre@@UAEXPAVCamera@2@@Z,265,-4194039,Function,IMPORTED,OGREMAIN.DLL
?getDynamic@ManualObject@Ogre@@UBE_NXZ,266,-4194038,Function,IMPORTED,OGREMAIN.DLL
?setDynamic@ManualObject@Ogre@@UAEX_N@Z,267,-4194037,Function,IMPORTED,OGREMAIN.DLL
?_releaseManualHardwareResources@ManualObject@Ogre@@UAEXXZ,268,-4194036,Label,IMPORTED,OGREMAIN.DLL
??AMatrix4@Ogre@@QBEPBMI@Z,269,-4194035,Function,IMPORTED,OGREMAIN.DLL
?clearResourceGroup@ResourceGroupManager@Ogre@@QAEXABV?$basic_string@DU?$char_traits@D@std@@V?$allocator@D@2@@std@@@Z,270,-4194034,Function,IMPORTED,OGREMAIN.DLL
?initialiseResourceGroup@ResourceGroupManager@Ogre@@QAEXABV?$basic_string@DU?$char_traits@D@std@@V?$allocator@D@2@@std@@@Z,271,-4194033,Function,IMPORTED,OGREMAIN.DLL
??0VertexData@Ogre@@QAE@PAVHardwareBufferManagerBase@1@@Z,272,-4194032,Function,IMPORTED,OGREMAIN.DLL
?createManual@MeshManager@Ogre@@QAE?AV?$SharedPtr@VMesh@Ogre@@@2@ABV?$basic_string@DU?$char_traits@D@std@@V?$allocator@D@2@@std@@0PAVManualResourceLoader@2@@Z,273,-4194031,Function,IMPORTED,OGREMAIN.DLL
?setMaterial@Entity@Ogre@@QAEXABV?$SharedPtr@VMaterial@Ogre@@@2@@Z,274,-4194030,Function,IMPORTED,OGREMAIN.DLL
?destroySubMesh@Mesh@Ogre@@QAEXG@Z,275,-4194029,Function,IMPORTED,OGREMAIN.DLL
?createSubMesh@Mesh@Ogre@@QAEPAVSubMesh@2@XZ,276,-4194028,Function,IMPORTED,OGREMAIN.DLL
?getTypeSize@VertexElement@Ogre@@SAIW4VertexElementType@2@@Z,277,-4194027,Function,IMPORTED,OGREMAIN.DLL
?openResource@ResourceGroupManager@Ogre@@QAE?AV?$SharedPtr@VDataStream@Ogre@@@2@ABV?$basic_string@DU?$char_traits@D@std@@V?$allocator@D@2@@std@@0_NPAVResource@2@@Z,278,-4194026,Function,IMPORTED,OGREMAIN.DLL
??3?$AllocatedObject@V?$CategorisedAllocPolicy@$00@Ogre@@@Ogre@@SAXPAX@Z,279,-4194025,Label,IMPORTED,OGREMAIN.DLL
??2?$AllocatedObject@V?$CategorisedAllocPolicy@$00@Ogre@@@Ogre@@SAPAXI@Z,280,-4194024,Label,IMPORTED,OGREMAIN.DLL
?setNull@?$SharedPtr@VHardwareVertexBuffer@Ogre@@@Ogre@@QAEXXZ,281,-4194023,Function,IMPORTED,OGREMAIN.DLL
??4HardwareVertexBufferSharedPtr@Ogre@@QAEAAV01@ABV01@@Z,282,-4194022,Function,IMPORTED,OGREMAIN.DLL
??0HardwareIndexBufferSharedPtr@Ogre@@QAE@XZ,283,-4194021,Function,IMPORTED,OGREMAIN.DLL
??0HardwareVertexBufferSharedPtr@Ogre@@QAE@XZ,284,-4194020,Function,IMPORTED,OGREMAIN.DLL
?getSizeInBytes@HardwareBuffer@Ogre@@QBEIXZ,285,-4194019,Function,IMPORTED,OGREMAIN.DLL
??0AxisAlignedBox@Ogre@@QAE@MMMMMM@Z,286,-4194018,Function,IMPORTED,OGREMAIN.DLL
?removeWindowEventListener@WindowEventUtilities@Ogre@@SAXPAVRenderWindow@2@PAVWindowEventListener@2@@Z,287,-4194017,Function,IMPORTED,OGREMAIN.DLL
?removeFrameListener@Root@Ogre@@QAEXPAVFrameListener@2@@Z,288,-4194016,Function,IMPORTED,OGREMAIN.DLL
?addFrameListener@Root@Ogre@@QAEXPAVFrameListener@2@@Z,289,-4194015,Function,IMPORTED,OGREMAIN.DLL
??0FrameListener@Ogre@@QAE@XZ,290,-4194014,Function,IMPORTED,OGREMAIN.DLL
?windowFocusChange@WindowEventListener@Ogre@@UAEXPAVRenderWindow@2@@Z,291,-4194013,Function,IMPORTED,OGREMAIN.DLL
?windowClosed@WindowEventListener@Ogre@@UAEXPAVRenderWindow@2@@Z,292,-4194012,Function,IMPORTED,OGREMAIN.DLL
?windowClosing@WindowEventListener@Ogre@@UAE_NPAVRenderWindow@2@@Z,293,-4194011,Function,IMPORTED,OGREMAIN.DLL
?windowResized@WindowEventListener@Ogre@@UAEXPAVRenderWindow@2@@Z,294,-4194010,Function,IMPORTED,OGREMAIN.DLL
?windowMoved@WindowEventListener@Ogre@@UAEXPAVRenderWindow@2@@Z,295,-4194009,Function,IMPORTED,OGREMAIN.DLL
??1FrameListener@Ogre@@UAE@XZ,296,-4194008,Function,IMPORTED,OGREMAIN.DLL
?frameStarted@FrameListener@Ogre@@UAE_NABUFrameEvent@2@@Z,297,-4194007,Function,IMPORTED,OGREMAIN.DLL
?getExternalTextureSource@ExternalTextureSourceManager@Ogre@@QAEPAVExternalTextureSource@2@ABV?$basic_string@DU?$char_traits@D@std@@V?$allocator@D@2@@std@@@Z,298,-4194006,Function,IMPORTED,OGREMAIN.DLL
?setTextureTransform@TextureUnitState@Ogre@@QAEXABVMatrix4@2@@Z,299,-4194005,Function,IMPORTED,OGREMAIN.DLL
?setUseIdentityView@ManualObject@Ogre@@QAEX_N@Z,300,-4194004,Function,IMPORTED,OGREMAIN.DLL
?setUseIdentityProjection@ManualObject@Ogre@@QAEX_N@Z,301,-4194003,Function,IMPORTED,OGREMAIN.DLL
?setEnabled@AnimationState@Ogre@@QAEX_N@Z,302,-4194002,Function,IMPORTED,OGREMAIN.DLL
?getMaterialName@SubMesh@Ogre@@QBEABV?$basic_string@DU?$char_traits@D@std@@V?$allocator@D@2@@std@@XZ,303,-4194001,Function,IMPORTED,OGREMAIN.DLL
?getMillisecondsCPU@Timer@Ogre@@QAEKXZ,304,-4194000,Function,IMPORTED,OGREMAIN.DLL
?setCameraLightDirectionThreshold@LiSPSMShadowCameraSetup@Ogre@@UAEXVDegree@2@@Z,305,-4193999,Function,IMPORTED,OGREMAIN.DLL
?getCameraLightDirectionThreshold@LiSPSMShadowCameraSetup@Ogre@@UBE?AVDegree@2@XZ,306,-4193998,Function,IMPORTED,OGREMAIN.DLL
??0AxisAlignedBox@Ogre@@QAE@ABV01@@Z,307,-4193997,Function,IMPORTED,OGREMAIN.DLL
??4AxisAlignedBox@Ogre@@QAEAAV01@ABV01@@Z,308,-4193996,Function,IMPORTED,OGREMAIN.DLL
??1AxisAlignedBox@Ogre@@QAE@XZ,309,-4193995,Function,IMPORTED,OGREMAIN.DLL
??0Renderable@Ogre@@QAE@XZ,310,-4193994,Function,IMPORTED,OGREMAIN.DLL
??1Renderable@Ogre@@UAE@XZ,311,-4193993,Function,IMPORTED,OGREMAIN.DLL
?getTechnique@Renderable@Ogre@@UBEPAVTechnique@2@XZ,312,-4193992,Function,IMPORTED,OGREMAIN.DLL
?preRender@Renderable@Ogre@@UAE_NPAVSceneManager@2@PAVRenderSystem@2@@Z,313,-4193991,Function,IMPORTED,OGREMAIN.DLL
?postRender@Renderable@Ogre@@UAEXPAVSceneManager@2@PAVRenderSystem@2@@Z,314,-4193990,Function,IMPORTED,OGREMAIN.DLL
?getNumWorldTransforms@Renderable@Ogre@@UBEGXZ,315,-4193989,Function,IMPORTED,OGREMAIN.DLL
?setUseIdentityProjection@Renderable@Ogre@@QAEX_N@Z,316,-4193988,Function,IMPORTED,OGREMAIN.DLL
?getUseIdentityProjection@Renderable@Ogre@@QBE_NXZ,317,-4193987,Function,IMPORTED,OGREMAIN.DLL
?setUseIdentityView@Renderable@Ogre@@QAEX_N@Z,318,-4193986,Function,IMPORTED,OGREMAIN.DLL
?getUseIdentityView@Renderable@Ogre@@QBE_NXZ,319,-4193985,Function,IMPORTED,OGREMAIN.DLL
?getCastsShadows@Renderable@Ogre@@UBE_NXZ,320,-4193984,Function,IMPORTED,OGREMAIN.DLL
?_updateCustomGpuParameter@Renderable@Ogre@@UBEXABVAutoConstantEntry@GpuProgramParameters@2@PAV42@@Z,321,-4193983,Function,IMPORTED,OGREMAIN.DLL
?setPolygonModeOverrideable@Renderable@Ogre@@UAEX_N@Z,322,-4193982,Function,IMPORTED,OGREMAIN.DLL
?getPolygonModeOverrideable@Renderable@Ogre@@UBE_NXZ,323,-4193981,Function,IMPORTED,OGREMAIN.DLL
?setUserAny@Renderable@Ogre@@UAEXABVAny@2@@Z,324,-4193980,Function,IMPORTED,OGREMAIN.DLL
?getUserAny@Renderable@Ogre@@UBEABVAny@2@XZ,325,-4193979,Function,IMPORTED,OGREMAIN.DLL
?getRenderSystemData@Renderable@Ogre@@UBEABV?$SharedPtr@VRenderSystemData@Renderable@Ogre@@@2@XZ,326,-4193978,Function,IMPORTED,OGREMAIN.DLL
?setRenderSystemData@Renderable@Ogre@@UBEXV?$SharedPtr@VRenderSystemData@Renderable@Ogre@@@2@@Z,327,-4193977,Function,IMPORTED,OGREMAIN.DLL
?getAnimableDictionaryName@AnimableObject@Ogre@@MBEABV?$basic_string@DU?$char_traits@D@std@@V?$allocator@D@2@@std@@XZ,328,-4193976,Function,IMPORTED,OGREMAIN.DLL
?initialiseAnimableDictionary@AnimableObject@Ogre@@MBEXAAV?$vector@V?$basic_string@DU?$char_traits@D@std@@V?$allocator@D@2@@std@@V?$STLAllocator@V?$basic_string@DU?$char_traits@D@std@@V?$allocator@D@2@@std@@V?$CategorisedAllocPolicy@$0A@@Ogre@@@Ogre@@@std@@@Z,329,-4193975,Function,IMPORTED,OGREMAIN.DLL
?createAnimableValue@AnimableObject@Ogre@@UAE?AV?$SharedPtr@VAnimableValue@Ogre@@@2@ABV?$basic_string@DU?$char_traits@D@std@@V?$allocator@D@2@@std@@@Z,330,-4193974,Label,IMPORTED,OGREMAIN.DLL
?_notifyCreator@MovableObject@Ogre@@UAEXPAVMovableObjectFactory@2@@Z,331,-4193973,Function,IMPORTED,OGREMAIN.DLL
?_getCreator@MovableObject@Ogre@@UBEPAVMovableObjectFactory@2@XZ,332,-4193972,Function,IMPORTED,OGREMAIN.DLL
?_notifyManager@MovableObject@Ogre@@UAEXPAVSceneManager@2@@Z,333,-4193971,Function,IMPORTED,OGREMAIN.DLL
?_getManager@MovableObject@Ogre@@UBEPAVSceneManager@2@XZ,334,-4193970,Function,IMPORTED,OGREMAIN.DLL
?_releaseManualHardwareResources@MovableObject@Ogre@@UAEXXZ,335,-4193969,Function,IMPORTED,OGREMAIN.DLL
?_restoreManualHardwareResources@MovableObject@Ogre@@UAEXXZ,336,-4193968,Function,IMPORTED,OGREMAIN.DLL
?getName@MovableObject@Ogre@@UBEABV?$basic_string@DU?$char_traits@D@std@@V?$allocator@D@2@@std@@XZ,337,-4193967,Function,IMPORTED,OGREMAIN.DLL
?isParentTagPoint@MovableObject@Ogre@@UBE_NXZ,338,-4193966,Function,IMPORTED,OGREMAIN.DLL
?setRenderingDistance@MovableObject@Ogre@@UAEXM@Z,339,-4193965,Function,IMPORTED,OGREMAIN.DLL
?getRenderingDistance@MovableObject@Ogre@@UBEMXZ,340,-4193964,Function,IMPORTED,OGREMAIN.DLL
?setRenderingMinPixelSize@MovableObject@Ogre@@UAEXM@Z,341,-4193963,Function,IMPORTED,OGREMAIN.DLL
?getRenderingMinPixelSize@MovableObject@Ogre@@UBEMXZ,342,-4193962,Function,IMPORTED,OGREMAIN.DLL
?setUserAny@MovableObject@Ogre@@UAEXABVAny@2@@Z,343,-4193961,Function,IMPORTED,OGREMAIN.DLL
?getUserAny@MovableObject@Ogre@@UBEABVAny@2@XZ,344,-4193960,Function,IMPORTED,OGREMAIN.DLL
?setQueryFlags@MovableObject@Ogre@@UAEXI@Z,345,-4193959,Function,IMPORTED,OGREMAIN.DLL
?addQueryFlags@MovableObject@Ogre@@UAEXI@Z,346,-4193958,Function,IMPORTED,OGREMAIN.DLL
?removeQueryFlags@MovableObject@Ogre@@UAEXI@Z,347,-4193957,Function,IMPORTED,OGREMAIN.DLL
?getQueryFlags@MovableObject@Ogre@@UBEIXZ,348,-4193956,Function,IMPORTED,OGREMAIN.DLL
?setVisibilityFlags@MovableObject@Ogre@@UAEXI@Z,349,-4193955,Function,IMPORTED,OGREMAIN.DLL
?addVisibilityFlags@MovableObject@Ogre@@UAEXI@Z,350,-4193954,Function,IMPORTED,OGREMAIN.DLL
?removeVisibilityFlags@MovableObject@Ogre@@UAEXI@Z,351,-4193953,Function,IMPORTED,OGREMAIN.DLL
?getVisibilityFlags@MovableObject@Ogre@@UBEIXZ,352,-4193952,Function,IMPORTED,OGREMAIN.DLL
?setListener@MovableObject@Ogre@@UAEXPAVListener@12@@Z,353,-4193951,Function,IMPORTED,OGREMAIN.DLL
?getListener@MovableObject@Ogre@@UBEPAVListener@12@XZ,354,-4193950,Function,IMPORTED,OGREMAIN.DLL
?getLightMask@MovableObject@Ogre@@UBEIXZ,355,-4193949,Function,IMPORTED,OGREMAIN.DLL
?_getLightList@MovableObject@Ogre@@UAEPAV?$HashedVector@PAVLight@Ogre@@@2@XZ,356,-4193948,Function,IMPORTED,OGREMAIN.DLL
?getEdgeList@MovableObject@Ogre@@UAEPAVEdgeData@2@XZ,357,-4193947,Function,IMPORTED,OGREMAIN.DLL
?hasEdgeList@MovableObject@Ogre@@UAE_NXZ,358,-4193946,Function,IMPORTED,OGREMAIN.DLL
?getCastShadows@MovableObject@Ogre@@UBE_NXZ,359,-4193945,Function,IMPORTED,OGREMAIN.DLL
?setDebugDisplayEnabled@MovableObject@Ogre@@UAEX_N@Z,360,-4193944,Function,IMPORTED,OGREMAIN.DLL
?isDebugDisplayEnabled@MovableObject@Ogre@@UBE_NXZ,361,-4193943,Function,IMPORTED,OGREMAIN.DLL
??0Listener@Camera@Ogre@@QAE@XZ,362,-4193942,Function,IMPORTED,OGREMAIN.DLL
??1Listener@Camera@Ogre@@UAE@XZ,363,-4193941,Function,IMPORTED,OGREMAIN.DLL
?cameraPostRenderScene@Listener@Camera@Ogre@@UAEXPAV23@@Z,364,-4193940,Function,IMPORTED,OGREMAIN.DLL
?cameraDestroyed@Listener@Camera@Ogre@@UAEXPAV23@@Z,365,-4193939,Function,IMPORTED,OGREMAIN.DLL
??1HardwareVertexBufferSharedPtr@Ogre@@QAE@XZ,366,-4193938,Function,IMPORTED,OGREMAIN.DLL
??0HardwareVertexBufferSharedPtr@Ogre@@QAE@ABV01@@Z,367,-4193937,Function,IMPORTED,OGREMAIN.DLL
??1HardwareIndexBufferSharedPtr@Ogre@@QAE@XZ,368,-4193936,Function,IMPORTED,OGREMAIN.DLL
??0Listener@RenderSystem@Ogre@@QAE@XZ,369,-4193935,Function,IMPORTED,OGREMAIN.DLL
??1Listener@RenderSystem@Ogre@@UAE@XZ,370,-4193934,Function,IMPORTED,OGREMAIN.DLL
??4HardwareIndexBufferSharedPtr@Ogre@@QAEAAV01@ABV01@@Z,371,-4193933,Function,IMPORTED,OGREMAIN.DLL
??C?$SharedPtr@VHardwareVertexBuffer@Ogre@@@Ogre@@QBEPAVHardwareVertexBuffer@1@XZ,372,-4193932,Function,IMPORTED,OGREMAIN.DLL
??C?$SharedPtr@VHardwareIndexBuffer@Ogre@@@Ogre@@QBEPAVHardwareIndexBuffer@1@XZ,373,-4193931,Function,IMPORTED,OGREMAIN.DLL
?setNull@?$SharedPtr@VHardwareIndexBuffer@Ogre@@@Ogre@@QAEXXZ,374,-4193930,Function,IMPORTED,OGREMAIN.DLL
??0?$AllocatedObject@V?$CategorisedAllocPolicy@$03@Ogre@@@Ogre@@QAE@XZ,375,-4193929,Function,IMPORTED,OGREMAIN.DLL
??1?$AllocatedObject@V?$CategorisedAllocPolicy@$03@Ogre@@@Ogre@@QAE@XZ,376,-4193928,Function,IMPORTED,OGREMAIN.DLL
??2?$AllocatedObject@V?$CategorisedAllocPolicy@$03@Ogre@@@Ogre@@SAPAXI@Z,377,-4193927,Label,IMPORTED,OGREMAIN.DLL
??3?$AllocatedObject@V?$CategorisedAllocPolicy@$03@Ogre@@@Ogre@@SAXPAX@Z,378,-4193926,Label,IMPORTED,OGREMAIN.DLL
??0HardwareIndexBufferSharedPtr@Ogre@@QAE@ABV01@@Z,379,-4193925,Function,IMPORTED,OGREMAIN.DLL
?getDerivedOrientation@Camera@Ogre@@QBEABVQuaternion@2@XZ,380,-4193924,Function,IMPORTED,OGREMAIN.DLL
?getDerivedPosition@Camera@Ogre@@QBEABVVector3@2@XZ,381,-4193923,Function,IMPORTED,OGREMAIN.DLL
??0MovableObject@Ogre@@QAE@ABV?$basic_string@DU?$char_traits@D@std@@V?$allocator@D@2@@std@@@Z,382,-4193922,Function,IMPORTED,OGREMAIN.DLL
??1MovableObject@Ogre@@UAE@XZ,383,-4193921,Function,IMPORTED,OGREMAIN.DLL
?getParentNode@MovableObject@Ogre@@UBEPAVNode@2@XZ,384,-4193920,Function,IMPORTED,OGREMAIN.DLL
?getParentSceneNode@MovableObject@Ogre@@UBEPAVSceneNode@2@XZ,385,-4193919,Function,IMPORTED,OGREMAIN.DLL
?_notifyAttached@MovableObject@Ogre@@UAEXPAVNode@2@_N@Z,386,-4193918,Function,IMPORTED,OGREMAIN.DLL
?isAttached@MovableObject@Ogre@@UBE_NXZ,387,-4193917,Function,IMPORTED,OGREMAIN.DLL
?detachFromParent@MovableObject@Ogre@@UAEXXZ,388,-4193916,Function,IMPORTED,OGREMAIN.DLL
?isInScene@MovableObject@Ogre@@UBE_NXZ,389,-4193915,Function,IMPORTED,OGREMAIN.DLL
?_notifyMoved@MovableObject@Ogre@@UAEXXZ,390,-4193914,Function,IMPORTED,OGREMAIN.DLL
?getWorldBoundingBox@MovableObject@Ogre@@UBEABVAxisAlignedBox@2@_N@Z,391,-4193913,Function,IMPORTED,OGREMAIN.DLL
?getWorldBoundingSphere@MovableObject@Ogre@@UBEABVSphere@2@_N@Z,392,-4193912,Function,IMPORTED,OGREMAIN.DLL
?setVisible@MovableObject@Ogre@@UAEX_N@Z,393,-4193911,Function,IMPORTED,OGREMAIN.DLL
?getVisible@MovableObject@Ogre@@UBE_NXZ,394,-4193910,Function,IMPORTED,OGREMAIN.DLL
?isVisible@MovableObject@Ogre@@UBE_NXZ,395,-4193909,Function,IMPORTED,OGREMAIN.DLL
?setRenderQueueGroup@MovableObject@Ogre@@UAEXE@Z,396,-4193908,Function,IMPORTED,OGREMAIN.DLL
?setRenderQueueGroupAndPriority@MovableObject@Ogre@@UAEXEG@Z,397,-4193907,Function,IMPORTED,OGREMAIN.DLL
?getRenderQueueGroup@MovableObject@Ogre@@UBEEXZ,398,-4193906,Function,IMPORTED,OGREMAIN.DLL
?_getParentNodeFullTransform@MovableObject@Ogre@@UBEABVMatrix4@2@XZ,399,-4193905,Function,IMPORTED,OGREMAIN.DLL
?queryLights@MovableObject@Ogre@@UBEABV?$HashedVector@PAVLight@Ogre@@@2@XZ,400,-4193904,Function,IMPORTED,OGREMAIN.DLL
?setLightMask@MovableObject@Ogre@@UAEXI@Z,401,-4193903,Function,IMPORTED,OGREMAIN.DLL
?getShadowVolumeRenderableIterator@MovableObject@Ogre@@UAE?AV?$VectorIterator@V?$vector@PAVShadowRenderable@Ogre@@V?$STLAllocator@PAVShadowRenderable@Ogre@@V?$CategorisedAllocPolicy@$0A@@2@@2@@std@@@2@W4ShadowTechnique@2@PBVLight@2@PAVHardwareIndexBufferSharedPtr@2@PAI_NMK@Z,402,-4193902,Function,IMPORTED,OGREMAIN.DLL
?getLightCapBounds@MovableObject@Ogre@@UBEABVAxisAlignedBox@2@XZ,403,-4193901,Function,IMPORTED,OGREMAIN.DLL
?getDarkCapBounds@MovableObject@Ogre@@UBEABVAxisAlignedBox@2@ABVLight@2@M@Z,404,-4193900,Function,IMPORTED,OGREMAIN.DLL
?getPointExtrusionDistance@MovableObject@Ogre@@UBEMPBVLight@2@@Z,405,-4193899,Function,IMPORTED,OGREMAIN.DLL
?getTypeFlags@MovableObject@Ogre@@UBEIXZ,406,-4193898,Function,IMPORTED,OGREMAIN.DLL
?getBestTechnique@Material@Ogre@@QAEPAVTechnique@2@GPBVRenderable@2@@Z,407,-4193897,Function,IMPORTED,OGREMAIN.DLL
?getSourceBlendFactor@Pass@Ogre@@QBE?AW4SceneBlendFactor@2@XZ,408,-4193896,Function,IMPORTED,OGREMAIN.DLL
?getDestBlendFactor@Pass@Ogre@@QBE?AW4SceneBlendFactor@2@XZ,409,-4193895,Function,IMPORTED,OGREMAIN.DLL
?getSceneBlendingOperation@Pass@Ogre@@QBE?AW4SceneBlendOperation@2@XZ,410,-4193894,Function,IMPORTED,OGREMAIN.DLL
?getNumPasses@Technique@Ogre@@QBEGXZ,411,-4193893,Function,IMPORTED,OGREMAIN.DLL
?BOX_NULL@AxisAlignedBox@Ogre@@2V12@B,412,-4193892,Label,IMPORTED,OGREMAIN.DLL
??0IndexData@Ogre@@QAE@XZ,413,-4193891,Function,IMPORTED,OGREMAIN.DLL
??1IndexData@Ogre@@QAE@XZ,414,-4193890,Function,IMPORTED,OGREMAIN.DLL
?IDENTITY@Matrix4@Ogre@@2V12@B,415,-4193889,Label,IMPORTED,OGREMAIN.DLL
??0VertexData@Ogre@@QAE@PAVVertexDeclaration@1@PAVVertexBufferBinding@1@@Z,416,-4193888,Function,IMPORTED,OGREMAIN.DLL
??1VertexData@Ogre@@QAE@XZ,417,-4193887,Function,IMPORTED,OGREMAIN.DLL
?getSingleton@HardwareBufferManager@Ogre@@SAAAV12@XZ,418,-4193886,Function,IMPORTED,OGREMAIN.DLL
?getSingletonPtr@HardwareBufferManager@Ogre@@SAPAV12@XZ,419,-4193885,Function,IMPORTED,OGREMAIN.DLL
?addRenderable@RenderQueue@Ogre@@QAEXPAVRenderable@2@E@Z,420,-4193884,Function,IMPORTED,OGREMAIN.DLL
?updateEdgeListLightFacing@ShadowCaster@Ogre@@MAEXPAVEdgeData@2@ABVVector4@2@@Z,421,-4193883,Function,IMPORTED,OGREMAIN.DLL
?generateShadowVolume@ShadowCaster@Ogre@@MAEXPAVEdgeData@2@ABVHardwareIndexBufferSharedPtr@2@AAIPBVLight@2@AAV?$vector@PAVShadowRenderable@Ogre@@V?$STLAllocator@PAVShadowRenderable@Ogre@@V?$CategorisedAllocPolicy@$0A@@2@@2@@std@@K@Z,422,-4193882,Function,IMPORTED,OGREMAIN.DLL
?extrudeBounds@ShadowCaster@Ogre@@MBEXAAVAxisAlignedBox@2@ABVVector4@2@M@Z,423,-4193881,Function,IMPORTED,OGREMAIN.DLL
??1Exception@Ogre@@UAE@XZ,424,-4193880,Label,IMPORTED,OGREMAIN.DLL
??0UnimplementedException@Ogre@@QAE@HABV?$basic_string@DU?$char_traits@D@std@@V?$allocator@D@2@@std@@0PBDJ@Z,425,-4193879,Function,IMPORTED,OGREMAIN.DLL
??1UnimplementedException@Ogre@@UAE@XZ,426,-4193878,Label,IMPORTED,OGREMAIN.DLL
??0FileNotFoundException@Ogre@@QAE@HABV?$basic_string@DU?$char_traits@D@std@@V?$allocator@D@2@@std@@0PBDJ@Z,427,-4193877,Function,IMPORTED,OGREMAIN.DLL
??1FileNotFoundException@Ogre@@UAE@XZ,428,-4193876,Label,IMPORTED,OGREMAIN.DLL
??0IOException@Ogre@@QAE@HABV?$basic_string@DU?$char_traits@D@std@@V?$allocator@D@2@@std@@0PBDJ@Z,429,-4193875,Function,IMPORTED,OGREMAIN.DLL
??1IOException@Ogre@@UAE@XZ,430,-4193874,Label,IMPORTED,OGREMAIN.DLL
??0InvalidStateException@Ogre@@QAE@HABV?$basic_string@DU?$char_traits@D@std@@V?$allocator@D@2@@std@@0PBDJ@Z,431,-4193873,Function,IMPORTED,OGREMAIN.DLL
??1InvalidStateException@Ogre@@UAE@XZ,432,-4193872,Label,IMPORTED,OGREMAIN.DLL
??0InvalidParametersException@Ogre@@QAE@HABV?$basic_string@DU?$char_traits@D@std@@V?$allocator@D@2@@std@@0PBDJ@Z,433,-4193871,Function,IMPORTED,OGREMAIN.DLL
??1InvalidParametersException@Ogre@@UAE@XZ,434,-4193870,Label,IMPORTED,OGREMAIN.DLL
??0ItemIdentityException@Ogre@@QAE@HABV?$basic_string@DU?$char_traits@D@std@@V?$allocator@D@2@@std@@0PBDJ@Z,435,-4193869,Function,IMPORTED,OGREMAIN.DLL
??1ItemIdentityException@Ogre@@UAE@XZ,436,-4193868,Label,IMPORTED,OGREMAIN.DLL
??0InternalErrorException@Ogre@@QAE@HABV?$basic_string@DU?$char_traits@D@std@@V?$allocator@D@2@@std@@0PBDJ@Z,437,-4193867,Function,IMPORTED,OGREMAIN.DLL
??1InternalErrorException@Ogre@@UAE@XZ,438,-4193866,Label,IMPORTED,OGREMAIN.DLL
??0RenderingAPIException@Ogre@@QAE@HABV?$basic_string@DU?$char_traits@D@std@@V?$allocator@D@2@@std@@0PBDJ@Z,439,-4193865,Function,IMPORTED,OGREMAIN.DLL
??1RenderingAPIException@Ogre@@UAE@XZ,440,-4193864,Label,IMPORTED,OGREMAIN.DLL
??0RuntimeAssertionException@Ogre@@QAE@HABV?$basic_string@DU?$char_traits@D@std@@V?$allocator@D@2@@std@@0PBDJ@Z,441,-4193863,Function,IMPORTED,OGREMAIN.DLL
??1RuntimeAssertionException@Ogre@@UAE@XZ,442,-4193862,Label,IMPORTED,OGREMAIN.DLL
??0InvalidCallException@Ogre@@QAE@HABV?$basic_string@DU?$char_traits@D@std@@V?$allocator@D@2@@std@@0PBDJ@Z,443,-4193861,Function,IMPORTED,OGREMAIN.DLL
??1InvalidCallException@Ogre@@UAE@XZ,444,-4193860,Label,IMPORTED,OGREMAIN.DLL
??0IOException@Ogre@@QAE@ABV01@@Z,445,-4193859,Function,IMPORTED,OGREMAIN.DLL
??0InvalidStateException@Ogre@@QAE@ABV01@@Z,446,-4193858,Function,IMPORTED,OGREMAIN.DLL
??0InvalidParametersException@Ogre@@QAE@ABV01@@Z,447,-4193857,Function,IMPORTED,OGREMAIN.DLL
??0RenderingAPIException@Ogre@@QAE@ABV01@@Z,448,-4193856,Function,IMPORTED,OGREMAIN.DLL
??0ItemIdentityException@Ogre@@QAE@ABV01@@Z,449,-4193855,Function,IMPORTED,OGREMAIN.DLL
??0FileNotFoundException@Ogre@@QAE@ABV01@@Z,450,-4193854,Function,IMPORTED,OGREMAIN.DLL
??0InternalErrorException@Ogre@@QAE@ABV01@@Z,451,-4193853,Function,IMPORTED,OGREMAIN.DLL
??0RuntimeAssertionException@Ogre@@QAE@ABV01@@Z,452,-4193852,Function,IMPORTED,OGREMAIN.DLL
??0UnimplementedException@Ogre@@QAE@ABV01@@Z,453,-4193851,Function,IMPORTED,OGREMAIN.DLL
??0InvalidCallException@Ogre@@QAE@ABV01@@Z,454,-4193850,Function,IMPORTED,OGREMAIN.DLL
?isReadable@DataStream@Ogre@@UBE_NXZ,455,-4193849,Function,IMPORTED,OGREMAIN.DLL
?isWriteable@DataStream@Ogre@@UBE_NXZ,456,-4193848,Function,IMPORTED,OGREMAIN.DLL
??0Archive@Ogre@@QAE@ABV?$basic_string@DU?$char_traits@D@std@@V?$allocator@D@2@@std@@0@Z,457,-4193847,Function,IMPORTED,OGREMAIN.DLL
??1Archive@Ogre@@UAE@XZ,458,-4193846,Function,IMPORTED,OGREMAIN.DLL
?isReadOnly@Archive@Ogre@@UBE_NXZ,459,-4193845,Function,IMPORTED,OGREMAIN.DLL
??1ArchiveFactory@Ogre@@UAE@XZ,460,-4193844,Function,IMPORTED,OGREMAIN.DLL
?createInstance@ArchiveFactory@Ogre@@UAEPAVArchive@2@ABV?$basic_string@DU?$char_traits@D@std@@V?$allocator@D@2@@std@@@Z,461,-4193843,Function,IMPORTED,OGREMAIN.DLL
??0ArchiveFactory@Ogre@@QAE@XZ,462,-4193842,Function,IMPORTED,OGREMAIN.DLL
?create@Archive@Ogre@@UAE?AV?$SharedPtr@VDataStream@Ogre@@@2@ABV?$basic_string@DU?$char_traits@D@std@@V?$allocator@D@2@@std@@@Z,463,-4193841,Label,IMPORTED,OGREMAIN.DLL
?remove@Archive@Ogre@@UAEXABV?$basic_string@DU?$char_traits@D@std@@V?$allocator@D@2@@std@@@Z,464,-4193840,Label,IMPORTED,OGREMAIN.DLL
??0FileStreamDataStream@Ogre@@QAE@ABV?$basic_string@DU?$char_traits@D@std@@V?$allocator@D@2@@std@@PAV?$basic_fstream@DU?$char_traits@D@std@@@3@I_N@Z,465,-4193839,Function,IMPORTED,OGREMAIN.DLL
??0FileStreamDataStream@Ogre@@QAE@ABV?$basic_string@DU?$char_traits@D@std@@V?$allocator@D@2@@std@@PAV?$basic_ifstream@DU?$char_traits@D@std@@@3@I_N@Z,466,-4193838,Function,IMPORTED,OGREMAIN.DLL
??1FileStreamDataStream@Ogre@@UAE@XZ,467,-4193837,Function,IMPORTED,OGREMAIN.DLL
?read@FileStreamDataStream@Ogre@@UAEIPAXI@Z,468,-4193836,Function,IMPORTED,OGREMAIN.DLL
?write@FileStreamDataStream@Ogre@@UAEIPBXI@Z,469,-4193835,Function,IMPORTED,OGREMAIN.DLL
?readLine@FileStreamDataStream@Ogre@@UAEIPADIABV?$basic_string@DU?$char_traits@D@std@@V?$allocator@D@2@@std@@@Z,470,-4193834,Function,IMPORTED,OGREMAIN.DLL
?skip@FileStreamDataStream@Ogre@@UAEXJ@Z,471,-4193833,Function,IMPORTED,OGREMAIN.DLL
?seek@FileStreamDataStream@Ogre@@UAEXI@Z,472,-4193832,Function,IMPORTED,OGREMAIN.DLL
?tell@FileStreamDataStream@Ogre@@UBEIXZ,473,-4193831,Function,IMPORTED,OGREMAIN.DLL
?eof@FileStreamDataStream@Ogre@@UBE_NXZ,474,-4193830,Label,IMPORTED,OGREMAIN.DLL
?close@FileStreamDataStream@Ogre@@UAEXXZ,475,-4193829,Function,IMPORTED,OGREMAIN.DLL
?getLine@DataStream@Ogre@@UAE?AV?$basic_string@DU?$char_traits@D@std@@V?$allocator@D@2@@std@@_N@Z,476,-4193828,Function,IMPORTED,OGREMAIN.DLL
?getAsString@DataStream@Ogre@@UAE?AV?$basic_string@DU?$char_traits@D@std@@V?$allocator@D@2@@std@@XZ,477,-4193827,Function,IMPORTED,OGREMAIN.DLL
?skipLine@DataStream@Ogre@@UAEIABV?$basic_string@DU?$char_traits@D@std@@V?$allocator@D@2@@std@@@Z,478,-4193826,Function,IMPORTED,OGREMAIN.DLL
??0Exception@Ogre@@QAE@ABV01@@Z,479,-4193825,Function,IMPORTED,OGREMAIN.DLL
??0Exception@Ogre@@QAE@HABV?$basic_string@DU?$char_traits@D@std@@V?$allocator@D@2@@std@@0PBD1J@Z,480,-4193824,Function,IMPORTED,OGREMAIN.DLL
?toLowerCase@StringUtil@Ogre@@SAXAAV?$basic_string@DU?$char_traits@D@std@@V?$allocator@D@2@@std@@@Z,481,-4193823,Function,IMPORTED,OGREMAIN.DLL
?startsWith@StringUtil@Ogre@@SA_NABV?$basic_string@DU?$char_traits@D@std@@V?$allocator@D@2@@std@@0_N@Z,482,-4193822,Function,IMPORTED,OGREMAIN.DLL
?splitFilename@StringUtil@Ogre@@SAXABV?$basic_string@DU?$char_traits@D@std@@V?$allocator@D@2@@std@@AAV34@1@Z,483,-4193821,Function,IMPORTED,OGREMAIN.DLL
?match@StringUtil@Ogre@@SA_NABV?$basic_string@DU?$char_traits@D@std@@V?$allocator@D@2@@std@@0_N@Z,484,-4193820,Function,IMPORTED,OGREMAIN.DLL
?ATan@Math@Ogre@@SA?AVRadian@2@M@Z,485,-4193819,Function,IMPORTED,OGREMAIN.DLL
?Tan@Math@Ogre@@SAMABVRadian@2@_N@Z,486,-4193818,Function,IMPORTED,OGREMAIN.DLL
?DegreesToRadians@Math@Ogre@@SAMM@Z,487,-4193817,Function,IMPORTED,OGREMAIN.DLL
??0Vector3@Ogre@@QAE@MMM@Z,488,-4193816,Function,IMPORTED,OGREMAIN.DLL
?copyParametersTo@StringInterface@Ogre@@UBEXPAV12@@Z,489,-4193815,Function,IMPORTED,OGREMAIN.DLL
?setCastShadows@MovableObject@Ogre@@QAEX_N@Z,490,-4193814,Function,IMPORTED,OGREMAIN.DLL
?_getCurrentRenderStage@SceneManager@Ogre@@QAE?AW4IlluminationRenderStage@12@XZ,491,-4193813,Function,IMPORTED,OGREMAIN.DLL
?getMaterialScheme@Viewport@Ogre@@QBEABV?$basic_string@DU?$char_traits@D@std@@V?$allocator@D@2@@std@@XZ,492,-4193812,Function,IMPORTED,OGREMAIN.DLL
?setVisibilityMask@Viewport@Ogre@@QAEXI@Z,493,-4193811,Function,IMPORTED,OGREMAIN.DLL
?getVisibilityMask@Viewport@Ogre@@QBEIXZ,494,-4193810,Function,IMPORTED,OGREMAIN.DLL
?frameEnded@FrameListener@Ogre@@UAE_NABUFrameEvent@2@@Z,495,-4193809,Function,IMPORTED,OGREMAIN.DLL
??1WindowEventListener@Ogre@@UAE@XZ,496,-4193808,Function,IMPORTED,OGREMAIN.DLL
??1RenderTargetListener@Ogre@@UAE@XZ,497,-4193807,Function,IMPORTED,OGREMAIN.DLL
?preRenderTargetUpdate@RenderTargetListener@Ogre@@UAEXABURenderTargetEvent@2@@Z,498,-4193806,Function,IMPORTED,OGREMAIN.DLL
?postRenderTargetUpdate@RenderTargetListener@Ogre@@UAEXABURenderTargetEvent@2@@Z,499,-4193805,Function,IMPORTED,OGREMAIN.DLL
?viewportAdded@RenderTargetListener@Ogre@@UAEXABURenderTargetViewportEvent@2@@Z,500,-4193804,Function,IMPORTED,OGREMAIN.DLL
?viewportRemoved@RenderTargetListener@Ogre@@UAEXABURenderTargetViewportEvent@2@@Z,501,-4193803,Function,IMPORTED,OGREMAIN.DLL
?preRenderQueues@RenderQueueListener@Ogre@@UAEXXZ,502,-4193802,Function,IMPORTED,OGREMAIN.DLL
?postRenderQueues@RenderQueueListener@Ogre@@UAEXXZ,503,-4193801,Function,IMPORTED,OGREMAIN.DLL
?renderQueueEnded@RenderQueueListener@Ogre@@UAEXEABV?$basic_string@DU?$char_traits@D@std@@V?$allocator@D@2@@std@@AA_N@Z,504,-4193800,Function,IMPORTED,OGREMAIN.DLL
??0Listener@CompositorInstance@Ogre@@QAE@XZ,505,-4193799,Function,IMPORTED,OGREMAIN.DLL
??0RenderTargetListener@Ogre@@QAE@XZ,506,-4193798,Function,IMPORTED,OGREMAIN.DLL
??0WindowEventListener@Ogre@@QAE@XZ,507,-4193797,Function,IMPORTED,OGREMAIN.DLL
??2?$AllocatedObject@V?$CategorisedAllocPolicy@$0A@@Ogre@@@Ogre@@SAPAXI@Z,508,-4193796,Label,IMPORTED,OGREMAIN.DLL
??3?$AllocatedObject@V?$CategorisedAllocPolicy@$0A@@Ogre@@@Ogre@@SAXPAX@Z,509,-4193795,Label,IMPORTED,OGREMAIN.DLL
?initialiseAllResourceGroups@ResourceGroupManager@Ogre@@QAEXXZ,510,-4193794,Function,IMPORTED,OGREMAIN.DLL
?addResourceLocation@ResourceGroupManager@Ogre@@QAEXABV?$basic_string@DU?$char_traits@D@std@@V?$allocator@D@2@@std@@00_N1@Z,511,-4193793,Function,IMPORTED,OGREMAIN.DLL
?getSingleton@ResourceGroupManager@Ogre@@SAAAV12@XZ,512,-4193792,Function,IMPORTED,OGREMAIN.DLL
??0Root@Ogre@@QAE@ABV?$basic_string@DU?$char_traits@D@std@@V?$allocator@D@2@@std@@00@Z,513,-4193791,Function,IMPORTED,OGREMAIN.DLL
??1Root@Ogre@@QAE@XZ,514,-4193790,Function,IMPORTED,OGREMAIN.DLL
?saveConfig@Root@Ogre@@QAEXXZ,515,-4193789,Function,IMPORTED,OGREMAIN.DLL
?restoreConfig@Root@Ogre@@QAE_NXZ,516,-4193788,Function,IMPORTED,OGREMAIN.DLL
?getAvailableRenderers@Root@Ogre@@QAEABV?$vector@PAVRenderSystem@Ogre@@V?$STLAllocator@PAVRenderSystem@Ogre@@V?$CategorisedAllocPolicy@$0A@@2@@2@@std@@XZ,517,-4193787,Function,IMPORTED,OGREMAIN.DLL
?getRenderSystemByName@Root@Ogre@@QAEPAVRenderSystem@2@ABV?$basic_string@DU?$char_traits@D@std@@V?$allocator@D@2@@std@@@Z,518,-4193786,Function,IMPORTED,OGREMAIN.DLL
?setRenderSystem@Root@Ogre@@QAEXPAVRenderSystem@2@@Z,519,-4193785,Function,IMPORTED,OGREMAIN.DLL
?initialise@Root@Ogre@@QAEPAVRenderWindow@2@_NABV?$basic_string@DU?$char_traits@D@std@@V?$allocator@D@2@@std@@1@Z,520,-4193784,Function,IMPORTED,OGREMAIN.DLL
?createSceneManager@Root@Ogre@@QAEPAVSceneManager@2@GABV?$basic_string@DU?$char_traits@D@std@@V?$allocator@D@2@@std@@@Z,521,-4193783,Function,IMPORTED,OGREMAIN.DLL
?getSingletonPtr@Root@Ogre@@SAPAV12@XZ,522,-4193782,Function,IMPORTED,OGREMAIN.DLL
??0ConfigFile@Ogre@@QAE@XZ,523,-4193781,Function,IMPORTED,OGREMAIN.DLL
??1ConfigFile@Ogre@@UAE@XZ,524,-4193780,Function,IMPORTED,OGREMAIN.DLL
?load@ConfigFile@Ogre@@QAEXABV?$basic_string@DU?$char_traits@D@std@@V?$allocator@D@2@@std@@0_N@Z,525,-4193779,Function,IMPORTED,OGREMAIN.DLL
?getSetting@ConfigFile@Ogre@@QBE?AV?$basic_string@DU?$char_traits@D@std@@V?$allocator@D@2@@std@@ABV34@00@Z,526,-4193778,Function,IMPORTED,OGREMAIN.DLL
?getSectionIterator@ConfigFile@Ogre@@QAE?AV?$MapIterator@V?$map@V?$basic_string@DU?$char_traits@D@std@@V?$allocator@D@2@@std@@PAV?$multimap@V?$basic_string@DU?$char_traits@D@std@@V?$allocator@D@2@@std@@V12@U?$less@V?$basic_string@DU?$char_traits@D@std@@V?$allocator@D@2@@std@@@2@V?$STLAllocator@U?$pair@$$CBV?$basic_string@DU?$char_traits@D@std@@V?$allocator@D@2@@std@@V12@@std@@V?$CategorisedAllocPolicy@$0A@@Ogre@@@Ogre@@@2@U?$less@V?$basic_string@DU?$char_traits@D@std@@V?$allocator@D@2@@std@@@2@V?$STLAllocator@U?$pair@$$CBV?$basic_string@DU?$char_traits@D@std@@V?$allocator@D@2@@std@@PAV?$multimap@V?$basic_string@DU?$char_traits@D@std@@V?$allocator@D@2@@std@@V12@U?$less@V?$basic_string@DU?$char_traits@D@std@@V?$allocator@D@2@@std@@@2@V?$STLAllocator@U?$pair@$$CBV?$basic_string@DU?$char_traits@D@std@@V?$allocator@D@2@@std@@V12@@std@@V?$CategorisedAllocPolicy@$0A@@Ogre@@@Ogre@@@2@@std@@V?$CategorisedAllocPolicy@$0A@@Ogre@@@Ogre@@@std@@@2@XZ,527,-4193777,Function,IMPORTED,OGREMAIN.DLL
?parseUnsignedInt@StringConverter@Ogre@@SAIABV?$basic_string@DU?$char_traits@D@std@@V?$allocator@D@2@@std@@I@Z,528,-4193776,Function,IMPORTED,OGREMAIN.DLL
?addWindowEventListener@WindowEventUtilities@Ogre@@SAXPAVRenderWindow@2@PAVWindowEventListener@2@@Z,529,-4193775,Function,IMPORTED,OGREMAIN.DLL
?getSceneManager@Camera@Ogre@@QBEPAVSceneManager@2@XZ,530,-4193774,Function,IMPORTED,OGREMAIN.DLL
?setPosition@Camera@Ogre@@QAEXABVVector3@2@@Z,531,-4193773,Function,IMPORTED,OGREMAIN.DLL
?setPosition@Camera@Ogre@@QAEXMMM@Z,532,-4193772,Function,IMPORTED,OGREMAIN.DLL
?lookAt@Camera@Ogre@@QAEXABVVector3@2@@Z,533,-4193771,Function,IMPORTED,OGREMAIN.DLL
?setAutoAspectRatio@Camera@Ogre@@QAEX_N@Z,534,-4193770,Function,IMPORTED,OGREMAIN.DLL
?setSelfIllumination@Material@Ogre@@QAEXMMM@Z,535,-4193769,Function,IMPORTED,OGREMAIN.DLL
?setDebugOutputEnabled@Log@Ogre@@QAEX_N@Z,536,-4193768,Function,IMPORTED,OGREMAIN.DLL
?getByName@TextureManager@Ogre@@QAE?AV?$SharedPtr@VTexture@Ogre@@@2@ABV?$basic_string@DU?$char_traits@D@std@@V?$allocator@D@2@@std@@0@Z,537,-4193767,Function,IMPORTED,OGREMAIN.DLL
?getSingletonPtr@TextureManager@Ogre@@SAPAV12@XZ,538,-4193766,Function,IMPORTED,OGREMAIN.DLL
?setDefaultAnisotropy@MaterialManager@Ogre@@QAEXI@Z,539,-4193765,Function,IMPORTED,OGREMAIN.DLL
?getSingletonPtr@MaterialManager@Ogre@@SAPAV12@XZ,540,-4193764,Function,IMPORTED,OGREMAIN.DLL
??0LogManager@Ogre@@QAE@XZ,541,-4193763,Function,IMPORTED,OGREMAIN.DLL
?createLog@LogManager@Ogre@@QAEPAVLog@2@ABV?$basic_string@DU?$char_traits@D@std@@V?$allocator@D@2@@std@@_N11@Z,542,-4193762,Function,IMPORTED,OGREMAIN.DLL
?logMessage@LogManager@Ogre@@QAEXABV?$basic_string@DU?$char_traits@D@std@@V?$allocator@D@2@@std@@W4LogMessageLevel@2@_N@Z,543,-4193761,Function,IMPORTED,OGREMAIN.DLL
?getSingleton@LogManager@Ogre@@SAAAV12@XZ,544,-4193760,Function,IMPORTED,OGREMAIN.DLL
?addArchiveFactory@ArchiveManager@Ogre@@QAEXPAVArchiveFactory@2@@Z,545,-4193759,Function,IMPORTED,OGREMAIN.DLL
?getSingleton@ArchiveManager@Ogre@@SAAAV12@XZ,546,-4193758,Function,IMPORTED,OGREMAIN.DLL
?getTextureInstanceName@CompositorInstance@Ogre@@QAEABV?$basic_string@DU?$char_traits@D@std@@V?$allocator@D@2@@std@@ABV34@I@Z,547,-4193757,Function,IMPORTED,OGREMAIN.DLL
?addListener@CompositorInstance@Ogre@@QAEXPAVListener@12@@Z,548,-4193756,Function,IMPORTED,OGREMAIN.DLL
?removeListener@CompositorInstance@Ogre@@QAEXPAVListener@12@@Z,549,-4193755,Function,IMPORTED,OGREMAIN.DLL
??1Listener@CompositorInstance@Ogre@@UAE@XZ,550,-4193754,Function,IMPORTED,OGREMAIN.DLL
?notifyMaterialSetup@Listener@CompositorInstance@Ogre@@UAEXIAAV?$SharedPtr@VMaterial@Ogre@@@3@@Z,551,-4193753,Function,IMPORTED,OGREMAIN.DLL
?notifyMaterialRender@Listener@CompositorInstance@Ogre@@UAEXIAAV?$SharedPtr@VMaterial@Ogre@@@3@@Z,552,-4193752,Function,IMPORTED,OGREMAIN.DLL
?addCompositor@CompositorManager@Ogre@@QAEPAVCompositorInstance@2@PAVViewport@2@ABV?$basic_string@DU?$char_traits@D@std@@V?$allocator@D@2@@std@@H@Z,553,-4193751,Function,IMPORTED,OGREMAIN.DLL
?setCompositorEnabled@CompositorManager@Ogre@@QAEXPAVViewport@2@ABV?$basic_string@DU?$char_traits@D@std@@V?$allocator@D@2@@std@@_N@Z,554,-4193750,Function,IMPORTED,OGREMAIN.DLL
?getSingleton@CompositorManager@Ogre@@SAAAV12@XZ,555,-4193749,Function,IMPORTED,OGREMAIN.DLL
?getCamera@Viewport@Ogre@@QBEPAVCamera@2@XZ,556,-4193748,Function,IMPORTED,OGREMAIN.DLL
?setBackgroundColour@Viewport@Ogre@@QAEXABVColourValue@2@@Z,557,-4193747,Function,IMPORTED,OGREMAIN.DLL
?setAutoUpdated@Viewport@Ogre@@QAEX_N@Z,558,-4193746,Function,IMPORTED,OGREMAIN.DLL
?setOverlaysEnabled@Viewport@Ogre@@QAEX_N@Z,559,-4193745,Function,IMPORTED,OGREMAIN.DLL
?getOverlaysEnabled@Viewport@Ogre@@QBE_NXZ,560,-4193744,Function,IMPORTED,OGREMAIN.DLL
?setShadowsEnabled@Viewport@Ogre@@QAEX_N@Z,561,-4193743,Function,IMPORTED,OGREMAIN.DLL
?getShadowsEnabled@Viewport@Ogre@@QBE_NXZ,562,-4193742,Function,IMPORTED,OGREMAIN.DLL
?setExternalTextureSource@ExternalTextureSourceManager@Ogre@@QAEXABV?$basic_string@DU?$char_traits@D@std@@V?$allocator@D@2@@std@@PAVExternalTextureSource@2@@Z,563,-4193741,Function,IMPORTED,OGREMAIN.DLL
?getSingleton@ExternalTextureSourceManager@Ogre@@SAAAV12@XZ,564,-4193740,Function,IMPORTED,OGREMAIN.DLL
?setParameterList@StringInterface@Ogre@@UAEXABV?$map@V?$basic_string@DU?$char_traits@D@std@@V?$allocator@D@2@@std@@V12@U?$less@V?$basic_string@DU?$char_traits@D@std@@V?$allocator@D@2@@std@@@2@V?$STLAllocator@U?$pair@$$CBV?$basic_string@DU?$char_traits@D@std@@V?$allocator@D@2@@std@@V12@@std@@V?$CategorisedAllocPolicy@$0A@@Ogre@@@Ogre@@@std@@@Z,565,-4193739,Function,IMPORTED,OGREMAIN.DLL
??0Timer@Ogre@@QAE@XZ,566,-4193738,Function,IMPORTED,OGREMAIN.DLL
?reset@Timer@Ogre@@QAEXXZ,567,-4193737,Function,IMPORTED,OGREMAIN.DLL
?hasNamedParameters@GpuProgramParameters@Ogre@@QBE_NXZ,568,-4193736,Function,IMPORTED,OGREMAIN.DLL
?toString@StringConverter@Ogre@@SA?AV?$basic_string@DU?$char_traits@D@std@@V?$allocator@D@2@@std@@MGGDH@Z,569,-4193735,Function,IMPORTED,OGREMAIN.DLL
?getTechniqueIterator@Material@Ogre@@QAE?AV?$VectorIterator@V?$vector@PAVTechnique@Ogre@@V?$STLAllocator@PAVTechnique@Ogre@@V?$CategorisedAllocPolicy@$0A@@2@@2@@std@@@2@XZ,570,-4193734,Function,IMPORTED,OGREMAIN.DLL
?setAmbient@Pass@Ogre@@QAEXABVColourValue@2@@Z,571,-4193733,Function,IMPORTED,OGREMAIN.DLL
?setDiffuse@Pass@Ogre@@QAEXABVColourValue@2@@Z,572,-4193732,Function,IMPORTED,OGREMAIN.DLL
?getAmbient@Pass@Ogre@@QBEABVColourValue@2@XZ,573,-4193731,Function,IMPORTED,OGREMAIN.DLL
?getDiffuse@Pass@Ogre@@QBEABVColourValue@2@XZ,574,-4193730,Function,IMPORTED,OGREMAIN.DLL
?setSceneBlending@Pass@Ogre@@QAEXW4SceneBlendType@2@@Z,575,-4193729,Function,IMPORTED,OGREMAIN.DLL
?setDepthWriteEnabled@Pass@Ogre@@QAEX_N@Z,576,-4193728,Function,IMPORTED,OGREMAIN.DLL
?hasGpuProgram@Pass@Ogre@@QAE_NW4GpuProgramType@2@@Z,577,-4193727,Function,IMPORTED,OGREMAIN.DLL
?getFragmentProgramParameters@Pass@Ogre@@QBE?AV?$SharedPtr@VGpuProgramParameters@Ogre@@@2@XZ,578,-4193726,Function,IMPORTED,OGREMAIN.DLL
?getConstantDefinitions@GpuProgramParameters@Ogre@@QBEABUGpuNamedConstants@2@XZ,579,-4193725,Function,IMPORTED,OGREMAIN.DLL
?setNamedConstant@GpuProgramParameters@Ogre@@QAEXABV?$basic_string@DU?$char_traits@D@std@@V?$allocator@D@2@@std@@M@Z,580,-4193724,Function,IMPORTED,OGREMAIN.DLL
?Black@ColourValue@Ogre@@2V12@B,581,-4193723,Label,IMPORTED,OGREMAIN.DLL
?getPassIterator@Technique@Ogre@@QAE?BV?$VectorIterator@V?$vector@PAVPass@Ogre@@V?$STLAllocator@PAVPass@Ogre@@V?$CategorisedAllocPolicy@$0A@@2@@2@@std@@@2@XZ,582,-4193722,Function,IMPORTED,OGREMAIN.DLL
?UnitRandom@Math@Ogre@@SAMXZ,583,-4193721,Function,IMPORTED,OGREMAIN.DLL
?getMaterialName@SubEntity@Ogre@@QBEABV?$basic_string@DU?$char_traits@D@std@@V?$allocator@D@2@@std@@XZ,584,-4193720,Function,IMPORTED,OGREMAIN.DLL
?setMaterialName@SubEntity@Ogre@@QAEXABV?$basic_string@DU?$char_traits@D@std@@V?$allocator@D@2@@std@@0@Z,585,-4193719,Function,IMPORTED,OGREMAIN.DLL
?getSubEntity@Entity@Ogre@@QBEPAVSubEntity@2@I@Z,586,-4193718,Function,IMPORTED,OGREMAIN.DLL
?getNumSubEntities@Entity@Ogre@@QBEIXZ,587,-4193717,Function,IMPORTED,OGREMAIN.DLL
?getAnimationState@Entity@Ogre@@QBEPAVAnimationState@2@ABV?$basic_string@DU?$char_traits@D@std@@V?$allocator@D@2@@std@@@Z,588,-4193716,Function,IMPORTED,OGREMAIN.DLL
?getTimePosition@AnimationState@Ogre@@QBEMXZ,589,-4193715,Function,IMPORTED,OGREMAIN.DLL
?addTime@AnimationState@Ogre@@QAEXM@Z,590,-4193714,Function,IMPORTED,OGREMAIN.DLL
?load@Image@Ogre@@QAEAAV12@ABV?$basic_string@DU?$char_traits@D@std@@V?$allocator@D@2@@std@@0@Z,591,-4193713,Function,IMPORTED,OGREMAIN.DLL
?getData@Image@Ogre@@QAEPAEXZ,592,-4193712,Function,IMPORTED,OGREMAIN.DLL
?getSize@Image@Ogre@@QBEIXZ,593,-4193711,Function,IMPORTED,OGREMAIN.DLL
??YColourValue@Ogre@@QAEAAV01@ABV01@@Z,594,-4193710,Function,IMPORTED,OGREMAIN.DLL
??_0ColourValue@Ogre@@QAEAAV01@M@Z,595,-4193709,Function,IMPORTED,OGREMAIN.DLL
?getColourAt@PixelBox@Ogre@@QAE?AVColourValue@2@III@Z,596,-4193708,Function,IMPORTED,OGREMAIN.DLL
?setTextureName@TextureUnitState@Ogre@@QAEXABV?$basic_string@DU?$char_traits@D@std@@V?$allocator@D@2@@std@@W4TextureType@2@@Z,597,-4193707,Function,IMPORTED,OGREMAIN.DLL
??0Image@Ogre@@QAE@XZ,598,-4193706,Function,IMPORTED,OGREMAIN.DLL
??1Image@Ogre@@UAE@XZ,599,-4193705,Function,IMPORTED,OGREMAIN.DLL
?loadDynamicImage@Image@Ogre@@QAEAAV12@PAEIIIW4PixelFormat@2@_NIE@Z,600,-4193704,Function,IMPORTED,OGREMAIN.DLL
?save@Image@Ogre@@QAEXABV?$basic_string@DU?$char_traits@D@std@@V?$allocator@D@2@@std@@@Z,601,-4193703,Function,IMPORTED,OGREMAIN.DLL
??1RenderQueueListener@Ogre@@UAE@XZ,602,-4193702,Function,IMPORTED,OGREMAIN.DLL
??0RenderQueueListener@Ogre@@QAE@XZ,603,-4193701,Function,IMPORTED,OGREMAIN.DLL
?lock@HardwareBuffer@Ogre@@QAEPAXW4LockOptions@12@W4UploadOptions@12@@Z,604,-4193700,Function,IMPORTED,OGREMAIN.DLL
?getRowSkip@PixelBox@Ogre@@QBEIXZ,605,-4193699,Function,IMPORTED,OGREMAIN.DLL
?createManual@TextureManager@Ogre@@QAE?AV?$SharedPtr@VTexture@Ogre@@@2@ABV?$basic_string@DU?$char_traits@D@std@@V?$allocator@D@2@@std@@0W4TextureType@2@IIHW4PixelFormat@2@HPAVManualResourceLoader@2@_NI0@Z,606,-4193698,Function,IMPORTED,OGREMAIN.DLL
??1HardwarePixelBufferSharedPtr@Ogre@@QAE@XZ,607,-4193697,Function,IMPORTED,OGREMAIN.DLL
??C?$SharedPtr@VHardwarePixelBuffer@Ogre@@@Ogre@@QBEPAVHardwarePixelBuffer@1@XZ,608,-4193696,Function,IMPORTED,OGREMAIN.DLL
?getTechnique@Material@Ogre@@QAEPAVTechnique@2@G@Z,609,-4193695,Function,IMPORTED,OGREMAIN.DLL
?clone@Material@Ogre@@QBE?AV?$SharedPtr@VMaterial@Ogre@@@2@ABV?$basic_string@DU?$char_traits@D@std@@V?$allocator@D@2@@std@@_N0@Z,610,-4193694,Function,IMPORTED,OGREMAIN.DLL
?getTextureUnitState@Pass@Ogre@@QAEPAVTextureUnitState@2@G@Z,611,-4193693,Function,IMPORTED,OGREMAIN.DLL
?setTexture@TextureUnitState@Ogre@@QAEXABV?$SharedPtr@VTexture@Ogre@@@2@@Z,612,-4193692,Function,IMPORTED,OGREMAIN.DLL
?getSingleton@TextureManager@Ogre@@SAAAV12@XZ,613,-4193691,Function,IMPORTED,OGREMAIN.DLL
?getPass@Technique@Ogre@@QAEPAVPass@2@G@Z,614,-4193690,Function,IMPORTED,OGREMAIN.DLL
?DEFAULT_RESOURCE_GROUP_NAME@ResourceGroupManager@Ogre@@2V?$basic_string@DU?$char_traits@D@std@@V?$allocator@D@2@@std@@A,615,-4193689,Label,IMPORTED,OGREMAIN.DLL
?getCurrentLock@HardwarePixelBuffer@Ogre@@QAEABVPixelBox@2@XZ,616,-4193688,Function,IMPORTED,OGREMAIN.DLL
?allocateBytes@StdAllocPolicy@Ogre@@SAPAXIPBDH0@Z,617,-4193687,Function,IMPORTED,OGREMAIN.DLL
?getMaxAllocationSize@StdAllocPolicy@Ogre@@SAIXZ,618,-4193686,Function,IMPORTED,OGREMAIN.DLL
?getRenderSystem@Root@Ogre@@QAEPAVRenderSystem@2@XZ,619,-4193685,Function,IMPORTED,OGREMAIN.DLL
?getSingleton@Root@Ogre@@SAAAV12@XZ,620,-4193684,Function,IMPORTED,OGREMAIN.DLL
??_FColourValue@Ogre@@QAEXXZ,621,-4193683,Function,IMPORTED,OGREMAIN.DLL
?setType@Light@Ogre@@QAEXW4LightTypes@12@@Z,622,-4193682,Function,IMPORTED,OGREMAIN.DLL
?setDiffuseColour@Light@Ogre@@QAEXMMM@Z,623,-4193681,Function,IMPORTED,OGREMAIN.DLL
?setSpecularColour@Light@Ogre@@QAEXMMM@Z,624,-4193680,Function,IMPORTED,OGREMAIN.DLL
?setAttenuation@Light@Ogre@@QAEXMMMM@Z,625,-4193679,Function,IMPORTED,OGREMAIN.DLL
?setPosition@Light@Ogre@@QAEXMMM@Z,626,-4193678,Function,IMPORTED,OGREMAIN.DLL
?setDirection@Light@Ogre@@QAEXMMM@Z,627,-4193677,Function,IMPORTED,OGREMAIN.DLL
?setSpotlightRange@Light@Ogre@@QAEXABVRadian@2@0M@Z,628,-4193676,Function,IMPORTED,OGREMAIN.DLL
?deallocateBytes@StdAllocPolicy@Ogre@@SAXPAX@Z,629,-4193675,Label,IMPORTED,OGREMAIN.DLL
?Ogre_InterlockedIncrement64@InterlockedCompareExchange64Wrapper@Ogre@@SA_JPC_J@Z,630,-4193674,Function,IMPORTED,OGREMAIN.DLL
?Ogre_InterlockedDecrement64@InterlockedCompareExchange64Wrapper@Ogre@@SA_JPC_J@Z,631,-4193673,Function,IMPORTED,OGREMAIN.DLL
??0ColourValue@Ogre@@QAE@MMMM@Z,632,-4193672,Function,IMPORTED,OGREMAIN.DLL
?AUTODETECT_RESOURCE_GROUP_NAME@ResourceGroupManager@Ogre@@2V?$basic_string@DU?$char_traits@D@std@@V?$allocator@D@2@@std@@A,633,-4193671,Label,IMPORTED,OGREMAIN.DLL
?getByName@MaterialManager@Ogre@@QAE?AV?$SharedPtr@VMaterial@Ogre@@@2@ABV?$basic_string@DU?$char_traits@D@std@@V?$allocator@D@2@@std@@0@Z,634,-4193670,Function,IMPORTED,OGREMAIN.DLL
?getSingleton@MaterialManager@Ogre@@SAAAV12@XZ,635,-4193669,Function,IMPORTED,OGREMAIN.DLL
?getAsARGB@ColourValue@Ogre@@QBEIXZ,636,-4193668,Function,IMPORTED,OGREMAIN.DLL
?loadPlugin@Root@Ogre@@QAEXABV?$basic_string@DU?$char_traits@D@std@@V?$allocator@D@2@@std@@@Z,637,-4193667,Function,IMPORTED,OGREMAIN.DLL
?_updateDimensions@Viewport@Ogre@@QAEXXZ,638,-4193666,Function,IMPORTED,OGREMAIN.DLL
?setClearEveryFrame@Viewport@Ogre@@QAEX_NI@Z,639,-4193665,Function,IMPORTED,OGREMAIN.DLL
ov_open_callbacks,640,-4193664,Function,IMPORTED,LIBVORBISFILE.DLL
ov_clear,641,-4193663,Function,IMPORTED,LIBVORBISFILE.DLL
ov_raw_seek,642,-4193662,Function,IMPORTED,LIBVORBISFILE.DLL
ov_info,643,-4193661,Function,IMPORTED,LIBVORBISFILE.DLL
ov_read,644,-4193660,Function,IMPORTED,LIBVORBISFILE.DLL
?getWidth@VideoClip@theoraplayer@@QBEHXZ,645,-4193659,Function,IMPORTED,LIBTHEORAPLAYER.DLL
?getHeight@VideoClip@theoraplayer@@QBEHXZ,646,-4193658,Function,IMPORTED,LIBTHEORAPLAYER.DLL
?setPlaybackSpeed@VideoClip@theoraplayer@@QAEXM@Z,647,-4193657,Function,IMPORTED,LIBTHEORAPLAYER.DLL
?isDone@VideoClip@theoraplayer@@QBE_NXZ,648,-4193656,Function,IMPORTED,LIBTHEORAPLAYER.DLL
?seekToFrame@VideoClip@theoraplayer@@QAEXH@Z,649,-4193655,Function,IMPORTED,LIBTHEORAPLAYER.DLL
??0AudioInterface@theoraplayer@@IAE@PAVVideoClip@1@HH@Z,650,-4193654,Function,IMPORTED,LIBTHEORAPLAYER.DLL
??1AudioInterface@theoraplayer@@UAE@XZ,651,-4193653,Function,IMPORTED,LIBTHEORAPLAYER.DLL
??1AudioInterfaceFactory@theoraplayer@@UAE@XZ,652,-4193652,Function,IMPORTED,LIBTHEORAPLAYER.DLL
??0AudioInterfaceFactory@theoraplayer@@QAE@XZ,653,-4193651,Function,IMPORTED,LIBTHEORAPLAYER.DLL
?getPrecachedFramesCount@VideoClip@theoraplayer@@QBEHXZ,654,-4193650,Function,IMPORTED,LIBTHEORAPLAYER.DLL
?getFps@VideoClip@theoraplayer@@QBEMXZ,655,-4193649,Function,IMPORTED,LIBTHEORAPLAYER.DLL
?setAudioInterfaceFactory@Manager@theoraplayer@@QAEXPAVAudioInterfaceFactory@2@@Z,656,-4193648,Function,IMPORTED,LIBTHEORAPLAYER.DLL
SteamAPI_GetHSteamPipe,657,-4193647,Function,IMPORTED,STEAM_API.DLL
SteamInternal_CreateInterface,658,-4193646,Function,IMPORTED,STEAM_API.DLL
SteamAPI_RegisterCallback,659,-4193645,Function,IMPORTED,STEAM_API.DLL
SteamAPI_GetHSteamUser,660,-4193644,Function,IMPORTED,STEAM_API.DLL
SteamAPI_UnregisterCallback,661,-4193643,Function,IMPORTED,STEAM_API.DLL
SteamAPI_RegisterCallResult,662,-4193642,Function,IMPORTED,STEAM_API.DLL
SteamAPI_UnregisterCallResult,663,-4193641,Function,IMPORTED,STEAM_API.DLL
SteamAPI_Shutdown,664,-4193640,Function,IMPORTED,STEAM_API.DLL
SteamAPI_RunCallbacks,665,-4193639,Function,IMPORTED,STEAM_API.DLL
SteamAPI_Init,666,-4193638,Function,IMPORTED,STEAM_API.DLL
SteamInternal_ContextInit,667,-4193637,Function,IMPORTED,STEAM_API.DLL
?ResetInstance@GalaxyFactory@api@galaxy@@SAXXZ,668,-4193636,Function,IMPORTED,GALAXY.DLL
?GetInstance@GalaxyFactory@api@galaxy@@SAPAVIGalaxy@23@XZ,669,-4193635,Function,IMPORTED,GALAXY.DLL
?CreateInstance@GalaxyFactory@api@galaxy@@SAPAVIGalaxy@23@XZ,670,-4193634,Function,IMPORTED,GALAXY.DLL
?getName@OgreTheoraVideoClip@Ogre@@QBEABV?$basic_string@DU?$char_traits@D@std@@V?$allocator@D@2@@std@@XZ,671,-4193633,Function,IMPORTED,PLUGIN_THEORAVIDEOSYSTEM.DLL
?getClip@OgreTheoraVideoClip@Ogre@@QBEPAVVideoClip@theoraplayer@@XZ,672,-4193632,Function,IMPORTED,PLUGIN_THEORAVIDEOSYSTEM.DLL
?getVideoTexture@OgreTheoraVideoClip@Ogre@@QBE?AV?$SharedPtr@VTexture@Ogre@@@2@XZ,673,-4193631,Function,IMPORTED,PLUGIN_THEORAVIDEOSYSTEM.DLL
?getScaleMatrix@OgreTheoraVideoClip@Ogre@@QBE?AVMatrix4@2@XZ,674,-4193630,Function,IMPORTED,PLUGIN_THEORAVIDEOSYSTEM.DLL
?getSkippedFrames@OgreTheoraVideoClip@Ogre@@QBEKXZ,675,-4193629,Function,IMPORTED,PLUGIN_THEORAVIDEOSYSTEM.DLL
?createClip@OgreTheoraVideoManager@Ogre@@QAEPAVOgreTheoraVideoClip@2@ABV?$basic_string@DU?$char_traits@D@std@@V?$allocator@D@2@@std@@0@Z,676,-4193628,Function,IMPORTED,PLUGIN_THEORAVIDEOSYSTEM.DLL
?setPreferredLanguage@OgreTheoraVideoManager@Ogre@@QAEXABV?$basic_string@DU?$char_traits@D@std@@V?$allocator@D@2@@std@@@Z,677,-4193627,Label,IMPORTED,PLUGIN_THEORAVIDEOSYSTEM.DLL
?pause@OgreTheoraVideoClip@Ogre@@QAEXXZ,678,-4193626,Label,IMPORTED,PLUGIN_THEORAVIDEOSYSTEM.DLL
?play@OgreTheoraVideoClip@Ogre@@QAEX_N@Z,679,-4193625,Function,IMPORTED,PLUGIN_THEORAVIDEOSYSTEM.DLL
?playAndReplayFromFrame@OgreTheoraVideoClip@Ogre@@QAEXH@Z,680,-4193624,Function,IMPORTED,PLUGIN_THEORAVIDEOSYSTEM.DLL
?playFrames@OgreTheoraVideoClip@Ogre@@QAEXHH_N@Z,681,-4193623,Function,IMPORTED,PLUGIN_THEORAVIDEOSYSTEM.DLL
?getTheoraVideoManager@OgreTheoraVideoManager@Ogre@@QAEPAVManager@theoraplayer@@XZ,682,-4193622,Function,IMPORTED,PLUGIN_THEORAVIDEOSYSTEM.DLL
??0OgreTheoraVideoManager@Ogre@@QAE@H@Z,683,-4193621,Function,IMPORTED,PLUGIN_THEORAVIDEOSYSTEM.DLL
??1OgreTheoraVideoManager@Ogre@@UAE@XZ,684,-4193620,Function,IMPORTED,PLUGIN_THEORAVIDEOSYSTEM.DLL
?initialise@OgreTheoraVideoManager@Ogre@@UAE_NXZ,685,-4193619,Function,IMPORTED,PLUGIN_THEORAVIDEOSYSTEM.DLL
?shutDown@OgreTheoraVideoManager@Ogre@@UAEXXZ,686,-4193618,Function,IMPORTED,PLUGIN_THEORAVIDEOSYSTEM.DLL
?createDefinedTexture@OgreTheoraVideoManager@Ogre@@UAEXABV?$basic_string@DU?$char_traits@D@std@@V?$allocator@D@2@@std@@0@Z,687,-4193617,Function,IMPORTED,PLUGIN_THEORAVIDEOSYSTEM.DLL
?destroyAdvancedTexture@OgreTheoraVideoManager@Ogre@@UAEXABV?$basic_string@DU?$char_traits@D@std@@V?$allocator@D@2@@std@@0@Z,688,-4193616,Function,IMPORTED,PLUGIN_THEORAVIDEOSYSTEM.DLL
?frameStarted@OgreTheoraVideoManager@Ogre@@UAE_NABUFrameEvent@2@@Z,689,-4193615,Function,IMPORTED,PLUGIN_THEORAVIDEOSYSTEM.DLL
?frameRenderingQueued@OgreTheoraVideoManager@Ogre@@UAE_NABUFrameEvent@2@@Z,690,-4193614,Function,IMPORTED,PLUGIN_THEORAVIDEOSYSTEM.DLL
?setParameter@OgreTheoraVideoManager@Ogre@@UAE_NABV?$basic_string@DU?$char_traits@D@std@@V?$allocator@D@2@@std@@0@Z,691,-4193613,Label,IMPORTED,PLUGIN_THEORAVIDEOSYSTEM.DLL
?getParameter@OgreTheoraVideoManager@Ogre@@UBE?AV?$basic_string@DU?$char_traits@D@std@@V?$allocator@D@2@@std@@ABV34@@Z,692,-4193612,Function,IMPORTED,PLUGIN_THEORAVIDEOSYSTEM.DLL
?id@?$codecvt@_WDH@std@@2V0locale@2@A,693,-4193611,Label,IMPORTED,MSVCP120.DLL
??_7codecvt_base@std@@6B@,694,-4193610,Function,IMPORTED,MSVCP120.DLL
?_Locimp_Addfac@_Locimp@locale@std@@CAXPAV123@PAVfacet@23@I@Z,695,-4193609,Function,IMPORTED,MSVCP120.DLL
??0?$codecvt@_WDH@std@@QAE@I@Z,696,-4193608,Function,IMPORTED,MSVCP120.DLL
?_Getcat@?$codecvt@_WDH@std@@SAIPAPBVfacet@locale@2@PBV42@@Z,697,-4193607,Function,IMPORTED,MSVCP120.DLL
??_7_Facet_base@std@@6B@,698,-4193606,Function,IMPORTED,MSVCP120.DLL
??_7facet@locale@std@@6B@,699,-4193605,Function,IMPORTED,MSVCP120.DLL
??_7?$codecvt@_WDH@std@@6B@,700,-4193604,Function,IMPORTED,MSVCP120.DLL
?_Syserror_map@std@@YAPBDH@Z,701,-4193603,Function,IMPORTED,MSVCP120.DLL
?_Xbad_alloc@std@@YAXXZ,702,-4193602,Label,IMPORTED,MSVCP120.DLL
?_Xout_of_range@std@@YAXPBD@Z,703,-4193601,Label,IMPORTED,MSVCP120.DLL
?_Xlength_error@std@@YAXPBD@Z,704,-4193600,Label,IMPORTED,MSVCP120.DLL
??0id@locale@std@@QAE@I@Z,705,-4193599,Function,IMPORTED,MSVCP120.DLL
?_BADOFF@std@@3_JB,706,-4193598,Label,IMPORTED,MSVCP120.DLL
??1_Lockit@std@@QAE@XZ,707,-4193597,Function,IMPORTED,MSVCP120.DLL
?in@?$codecvt@_WDH@std@@QBEHAAHPBD1AAPBDPA_W3AAPA_W@Z,708,-4193596,Label,IMPORTED,MSVCP120.DLL
?out@?$codecvt@_WDH@std@@QBEHAAHPB_W1AAPB_WPAD3AAPAD@Z,709,-4193595,Label,IMPORTED,MSVCP120.DLL
??0_Lockit@std@@QAE@H@Z,710,-4193594,Function,IMPORTED,MSVCP120.DLL
?_Getgloballocale@locale@std@@CAPAV_Locimp@12@XZ,711,-4193593,Function,IMPORTED,MSVCP120.DLL
?_Fiopen@std@@YAPAU_iobuf@@PBDHH@Z,712,-4193592,Function,IMPORTED,MSVCP120.DLL
?id@?$codecvt@DDH@std@@2V0locale@2@A,713,-4193591,Label,IMPORTED,MSVCP120.DLL
?_Getcat@?$codecvt@DDH@std@@SAIPAPBVfacet@locale@2@PBV42@@Z,714,-4193590,Function,IMPORTED,MSVCP120.DLL
?widen@?$basic_ios@DU?$char_traits@D@std@@@std@@QBEDD@Z,715,-4193589,Function,IMPORTED,MSVCP120.DLL
?_Init@?$basic_streambuf@DU?$char_traits@D@std@@@std@@IAEXPAPAD0PAH001@Z,716,-4193588,Function,IMPORTED,MSVCP120.DLL
?_Init@?$basic_streambuf@DU?$char_traits@D@std@@@std@@IAEXXZ,717,-4193587,Function,IMPORTED,MSVCP120.DLL
?getloc@?$basic_streambuf@DU?$char_traits@D@std@@@std@@QBE?AVlocale@2@XZ,718,-4193586,Function,IMPORTED,MSVCP120.DLL
??0?$basic_streambuf@DU?$char_traits@D@std@@@std@@IAE@XZ,719,-4193585,Function,IMPORTED,MSVCP120.DLL
?unshift@?$codecvt@DDH@std@@QBEHAAHPAD1AAPAD@Z,720,-4193584,Label,IMPORTED,MSVCP120.DLL
??0?$basic_iostream@DU?$char_traits@D@std@@@std@@QAE@PAV?$basic_streambuf@DU?$char_traits@D@std@@@1@@Z,721,-4193583,Function,IMPORTED,MSVCP120.DLL
?_Ipfx@?$basic_istream@DU?$char_traits@D@std@@@std@@QAE_N_N@Z,722,-4193582,Function,IMPORTED,MSVCP120.DLL
??0?$basic_istream@DU?$char_traits@D@std@@@std@@QAE@PAV?$basic_streambuf@DU?$char_traits@D@std@@@1@_N@Z,723,-4193581,Function,IMPORTED,MSVCP120.DLL
??0?$basic_ios@DU?$char_traits@D@std@@@std@@IAE@XZ,724,-4193580,Function,IMPORTED,MSVCP120.DLL
?clear@?$basic_ios@DU?$char_traits@D@std@@@std@@QAEXH_N@Z,725,-4193579,Function,IMPORTED,MSVCP120.DLL
?_Pninc@?$basic_streambuf@DU?$char_traits@D@std@@@std@@IAEPADXZ,726,-4193578,Function,IMPORTED,MSVCP120.DLL
?setp@?$basic_streambuf@DU?$char_traits@D@std@@@std@@IAEXPAD00@Z,727,-4193577,Function,IMPORTED,MSVCP120.DLL
?setp@?$basic_streambuf@DU?$char_traits@D@std@@@std@@IAEXPAD0@Z,728,-4193576,Function,IMPORTED,MSVCP120.DLL
?pbump@?$basic_streambuf@DU?$char_traits@D@std@@@std@@IAEXH@Z,729,-4193575,Function,IMPORTED,MSVCP120.DLL
?_Gninc@?$basic_streambuf@DU?$char_traits@D@std@@@std@@IAEPADXZ,730,-4193574,Function,IMPORTED,MSVCP120.DLL
?_Gndec@?$basic_streambuf@DU?$char_traits@D@std@@@std@@IAEPADXZ,731,-4193573,Function,IMPORTED,MSVCP120.DLL
?epptr@?$basic_streambuf@DU?$char_traits@D@std@@@std@@IBEPADXZ,732,-4193572,Function,IMPORTED,MSVCP120.DLL
?setg@?$basic_streambuf@DU?$char_traits@D@std@@@std@@IAEXPAD00@Z,733,-4193571,Function,IMPORTED,MSVCP120.DLL
?gbump@?$basic_streambuf@DU?$char_traits@D@std@@@std@@IAEXH@Z,734,-4193570,Function,IMPORTED,MSVCP120.DLL
?egptr@?$basic_streambuf@DU?$char_traits@D@std@@@std@@IBEPADXZ,735,-4193569,Function,IMPORTED,MSVCP120.DLL
?pptr@?$basic_streambuf@DU?$char_traits@D@std@@@std@@IBEPADXZ,736,-4193568,Function,IMPORTED,MSVCP120.DLL
?pbase@?$basic_streambuf@DU?$char_traits@D@std@@@std@@IBEPADXZ,737,-4193567,Function,IMPORTED,MSVCP120.DLL
?gptr@?$basic_streambuf@DU?$char_traits@D@std@@@std@@IBEPADXZ,738,-4193566,Function,IMPORTED,MSVCP120.DLL
?eback@?$basic_streambuf@DU?$char_traits@D@std@@@std@@IBEPADXZ,739,-4193565,Function,IMPORTED,MSVCP120.DLL
?sbumpc@?$basic_streambuf@DU?$char_traits@D@std@@@std@@QAEHXZ,740,-4193564,Function,IMPORTED,MSVCP120.DLL
?out@?$codecvt@DDH@std@@QBEHAAHPBD1AAPBDPAD3AAPAD@Z,741,-4193563,Label,IMPORTED,MSVCP120.DLL
?in@?$codecvt@DDH@std@@QBEHAAHPBD1AAPBDPAD3AAPAD@Z,742,-4193562,Label,IMPORTED,MSVCP120.DLL
??1?$basic_iostream@DU?$char_traits@D@std@@@std@@UAE@XZ,743,-4193561,Function,IMPORTED,MSVCP120.DLL
?get@?$basic_istream@DU?$char_traits@D@std@@@std@@QAEAAV12@AAD@Z,744,-4193560,Function,IMPORTED,MSVCP120.DLL
??5?$basic_istream@DU?$char_traits@D@std@@@std@@QAEAAV01@AAM@Z,745,-4193559,Function,IMPORTED,MSVCP120.DLL
??5?$basic_istream@DU?$char_traits@D@std@@@std@@QAEAAV01@AAH@Z,746,-4193558,Function,IMPORTED,MSVCP120.DLL
??1?$basic_istream@DU?$char_traits@D@std@@@std@@UAE@XZ,747,-4193557,Function,IMPORTED,MSVCP120.DLL
?rdbuf@?$basic_ios@DU?$char_traits@D@std@@@std@@QBEPAV?$basic_streambuf@DU?$char_traits@D@std@@@2@XZ,748,-4193556,Function,IMPORTED,MSVCP120.DLL
?setstate@?$basic_ios@DU?$char_traits@D@std@@@std@@QAEXH_N@Z,749,-4193555,Function,IMPORTED,MSVCP120.DLL
??1?$basic_ios@DU?$char_traits@D@std@@@std@@UAE@XZ,750,-4193554,Function,IMPORTED,MSVCP120.DLL
?imbue@?$basic_streambuf@DU?$char_traits@D@std@@@std@@MAEXABVlocale@2@@Z,751,-4193553,Function,IMPORTED,MSVCP120.DLL
?sync@?$basic_streambuf@DU?$char_traits@D@std@@@std@@MAEHXZ,752,-4193552,Function,IMPORTED,MSVCP120.DLL
?setbuf@?$basic_streambuf@DU?$char_traits@D@std@@@std@@MAEPAV12@PAD_J@Z,753,-4193551,Function,IMPORTED,MSVCP120.DLL
?xsputn@?$basic_streambuf@DU?$char_traits@D@std@@@std@@MAE_JPBD_J@Z,754,-4193550,Function,IMPORTED,MSVCP120.DLL
?xsgetn@?$basic_streambuf@DU?$char_traits@D@std@@@std@@MAE_JPAD_J@Z,755,-4193549,Function,IMPORTED,MSVCP120.DLL
?uflow@?$basic_streambuf@DU?$char_traits@D@std@@@std@@MAEHXZ,756,-4193548,Function,IMPORTED,MSVCP120.DLL
?showmanyc@?$basic_streambuf@DU?$char_traits@D@std@@@std@@MAE_JXZ,757,-4193547,Function,IMPORTED,MSVCP120.DLL
?_Unlock@?$basic_streambuf@DU?$char_traits@D@std@@@std@@UAEXXZ,758,-4193546,Function,IMPORTED,MSVCP120.DLL
?_Lock@?$basic_streambuf@DU?$char_traits@D@std@@@std@@UAEXXZ,759,-4193545,Function,IMPORTED,MSVCP120.DLL
?snextc@?$basic_streambuf@DU?$char_traits@D@std@@@std@@QAEHXZ,760,-4193544,Function,IMPORTED,MSVCP120.DLL
?sgetc@?$basic_streambuf@DU?$char_traits@D@std@@@std@@QAEHXZ,761,-4193543,Function,IMPORTED,MSVCP120.DLL
??1?$basic_streambuf@DU?$char_traits@D@std@@@std@@UAE@XZ,762,-4193542,Function,IMPORTED,MSVCP120.DLL
??7ios_base@std@@QBE_NXZ,763,-4193541,Function,IMPORTED,MSVCP120.DLL
??Bios_base@std@@QBE_NXZ,764,-4193540,Function,IMPORTED,MSVCP120.DLL
?always_noconv@codecvt_base@std@@QBE_NXZ,765,-4193539,Label,IMPORTED,MSVCP120.DLL
??Bid@locale@std@@QAEIXZ,766,-4193538,Function,IMPORTED,MSVCP120.DLL
?_Swap_all@_Container_base0@std@@QAEXAAU12@@Z,767,-4193537,Function,IMPORTED,MSVCP120.DLL
?_Orphan_all@_Container_base0@std@@QAEXXZ,768,-4193536,Function,IMPORTED,MSVCP120.DLL
?_Xinvalid_argument@std@@YAXPBD@Z,769,-4193535,Label,IMPORTED,MSVCP120.DLL
?good@ios_base@std@@QBE_NXZ,770,-4193534,Function,IMPORTED,MSVCP120.DLL
?uncaught_exception@std@@YA_NXZ,771,-4193533,Label,IMPORTED,MSVCP120.DLL
?put@?$basic_ostream@DU?$char_traits@D@std@@@std@@QAEAAV12@D@Z,772,-4193532,Function,IMPORTED,MSVCP120.DLL
?sputn@?$basic_streambuf@DU?$char_traits@D@std@@@std@@QAE_JPBD_J@Z,773,-4193531,Function,IMPORTED,MSVCP120.DLL
?sputc@?$basic_streambuf@DU?$char_traits@D@std@@@std@@QAEHD@Z,774,-4193530,Function,IMPORTED,MSVCP120.DLL
?flush@?$basic_ostream@DU?$char_traits@D@std@@@std@@QAEAAV12@XZ,775,-4193529,Function,IMPORTED,MSVCP120.DLL
?_Osfx@?$basic_ostream@DU?$char_traits@D@std@@@std@@QAEXXZ,776,-4193528,Function,IMPORTED,MSVCP120.DLL
?tie@?$basic_ios@DU?$char_traits@D@std@@@std@@QBEPAV?$basic_ostream@DU?$char_traits@D@std@@@2@XZ,777,-4193527,Function,IMPORTED,MSVCP120.DLL
?fill@?$basic_ios@DU?$char_traits@D@std@@@std@@QBEDXZ,778,-4193526,Function,IMPORTED,MSVCP120.DLL
??6?$basic_ostream@DU?$char_traits@D@std@@@std@@QAEAAV01@M@Z,779,-4193525,Function,IMPORTED,MSVCP120.DLL
??6?$basic_ostream@DU?$char_traits@D@std@@@std@@QAEAAV01@I@Z,780,-4193524,Function,IMPORTED,MSVCP120.DLL
??6?$basic_ostream@DU?$char_traits@D@std@@@std@@QAEAAV01@P6AAAV01@AAV01@@Z@Z,781,-4193523,Function,IMPORTED,MSVCP120.DLL
?width@ios_base@std@@QAE_J_J@Z,782,-4193522,Function,IMPORTED,MSVCP120.DLL
?width@ios_base@std@@QBE_JXZ,783,-4193521,Function,IMPORTED,MSVCP120.DLL
?flags@ios_base@std@@QBEHXZ,784,-4193520,Function,IMPORTED,MSVCP120.DLL
?_Orphan_all@_Container_base12@std@@QAEXXZ,785,-4193519,Function,IMPORTED,MSVCP120.DLL
??1_Container_base12@std@@QAE@XZ,786,-4193518,Function,IMPORTED,MSVCP120.DLL
??0_Container_base12@std@@QAE@XZ,787,-4193517,Function,IMPORTED,MSVCP120.DLL
??6?$basic_ostream@DU?$char_traits@D@std@@@std@@QAEAAV01@H@Z,788,-4193516,Function,IMPORTED,MSVCP120.DLL
??6?$basic_ostream@DU?$char_traits@D@std@@@std@@QAEAAV01@P6AAAVios_base@1@AAV21@@Z@Z,789,-4193515,Function,IMPORTED,MSVCP120.DLL
?setf@ios_base@std@@QAEHHH@Z,790,-4193514,Function,IMPORTED,MSVCP120.DLL
??6?$basic_ostream@DU?$char_traits@D@std@@@std@@QAEAAV01@_K@Z,791,-4193513,Function,IMPORTED,MSVCP120.DLL
??6?$basic_ostream@DU?$char_traits@D@std@@@std@@QAEAAV01@G@Z,792,-4193512,Function,IMPORTED,MSVCP120.DLL
?fail@ios_base@std@@QBE_NXZ,793,-4193511,Function,IMPORTED,MSVCP120.DLL
??6?$basic_ostream@DU?$char_traits@D@std@@@std@@QAEAAV01@PAV?$basic_streambuf@DU?$char_traits@D@std@@@1@@Z,794,-4193510,Function,IMPORTED,MSVCP120.DLL
?_Xbad_function_call@std@@YAXXZ,795,-4193509,Label,IMPORTED,MSVCP120.DLL
?id@?$numpunct@D@std@@2V0locale@2@A,796,-4193508,Label,IMPORTED,MSVCP120.DLL
?_Winerror_map@std@@YAPBDH@Z,797,-4193507,Function,IMPORTED,MSVCP120.DLL
?setw@std@@YA?AU?$_Smanip@_J@1@_J@Z,798,-4193506,Function,IMPORTED,MSVCP120.DLL
?_Throw_C_error@std@@YAXH@Z,799,-4193505,Function,IMPORTED,MSVCP120.DLL
?_2@placeholders@std@@3V?$_Ph@$01@2@A,800,-4193504,Label,IMPORTED,MSVCP120.DLL
?_1@placeholders@std@@3V?$_Ph@$00@2@A,801,-4193503,Label,IMPORTED,MSVCP120.DLL
?cout@std@@3V?$basic_ostream@DU?$char_traits@D@std@@@1@A,802,-4193502,Label,IMPORTED,MSVCP120.DLL
?id@?$time_put@DV?$ostreambuf_iterator@DU?$char_traits@D@std@@@std@@@std@@2V0locale@2@A,803,-4193501,Label,IMPORTED,MSVCP120.DLL
?id@?$ctype@D@std@@2V0locale@2@A,804,-4193500,Label,IMPORTED,MSVCP120.DLL
?cerr@std@@3V?$basic_ostream@DU?$char_traits@D@std@@@1@A,805,-4193499,Label,IMPORTED,MSVCP120.DLL
?_New_Locimp@_Locimp@locale@std@@CAPAV123@ABV123@@Z,806,-4193498,Function,IMPORTED,MSVCP120.DLL
?_Init@locale@std@@CAPAV_Locimp@12@_N@Z,807,-4193497,Function,IMPORTED,MSVCP120.DLL
?classic@locale@std@@SAABV12@XZ,808,-4193496,Function,IMPORTED,MSVCP120.DLL
_Xtime_get_ticks,809,-4193495,Function,IMPORTED,MSVCP120.DLL
_Mtx_destroy,810,-4193494,Function,IMPORTED,MSVCP120.DLL
_Mtx_unlock,811,-4193493,Function,IMPORTED,MSVCP120.DLL
_Mtx_lock,812,-4193492,Function,IMPORTED,MSVCP120.DLL
_Mtx_init,813,-4193491,Function,IMPORTED,MSVCP120.DLL
?_Getcat@?$time_put@DV?$ostreambuf_iterator@DU?$char_traits@D@std@@@std@@@std@@SAIPAPBVfacet@locale@2@PBV42@@Z,814,-4193490,Function,IMPORTED,MSVCP120.DLL
??6?$basic_ostream@DU?$char_traits@D@std@@@std@@QAEAAV01@_J@Z,815,-4193489,Function,IMPORTED,MSVCP120.DLL
?fill@?$basic_ios@DU?$char_traits@D@std@@@std@@QAEDD@Z,816,-4193488,Function,IMPORTED,MSVCP120.DLL
?put@?$time_put@DV?$ostreambuf_iterator@DU?$char_traits@D@std@@@std@@@std@@QBE?AV?$ostreambuf_iterator@DU?$char_traits@D@std@@@2@V32@AAVios_base@2@DPBUtm@@PBD3@Z,817,-4193487,Function,IMPORTED,MSVCP120.DLL
??_D?$basic_istream@DU?$char_traits@D@std@@@std@@QAEXXZ,818,-4193486,Function,IMPORTED,MSVCP120.DLL
?gcount@?$basic_istream@DU?$char_traits@D@std@@@std@@QBE_JXZ,819,-4193485,Function,IMPORTED,MSVCP120.DLL
?getline@?$basic_istream@DU?$char_traits@D@std@@@std@@QAEAAV12@PAD_J@Z,820,-4193484,Function,IMPORTED,MSVCP120.DLL
??5?$basic_istream@DU?$char_traits@D@std@@@std@@QAEAAV01@AAI@Z,821,-4193483,Function,IMPORTED,MSVCP120.DLL
??1?$basic_ostream@DU?$char_traits@D@std@@@std@@UAE@XZ,822,-4193482,Function,IMPORTED,MSVCP120.DLL
??0?$basic_ostream@DU?$char_traits@D@std@@@std@@QAE@PAV?$basic_streambuf@DU?$char_traits@D@std@@@1@_N@Z,823,-4193481,Function,IMPORTED,MSVCP120.DLL
?imbue@?$basic_ios@DU?$char_traits@D@std@@@std@@QAE?AVlocale@2@ABV32@@Z,824,-4193480,Function,IMPORTED,MSVCP120.DLL
?c_str@?$_Yarn@D@std@@QBEPBDXZ,825,-4193479,Function,IMPORTED,MSVCP120.DLL
??4?$_Yarn@D@std@@QAEAAV01@PBD@Z,826,-4193478,Function,IMPORTED,MSVCP120.DLL
?getloc@ios_base@std@@QBE?AVlocale@2@XZ,827,-4193477,Function,IMPORTED,MSVCP120.DLL
?flags@ios_base@std@@QAEHH@Z,828,-4193476,Function,IMPORTED,MSVCP120.DLL
?exceptions@ios_base@std@@QBEHXZ,829,-4193475,Function,IMPORTED,MSVCP120.DLL
?bad@ios_base@std@@QBE_NXZ,830,-4193474,Function,IMPORTED,MSVCP120.DLL
?eof@ios_base@std@@QBE_NXZ,831,-4193473,Function,IMPORTED,MSVCP120.DLL
?_Getcat@?$ctype@D@std@@SAIPAPBVfacet@locale@2@PBV42@@Z,832,-4193472,Function,IMPORTED,MSVCP120.DLL
?toupper@?$ctype@D@std@@QBEDD@Z,833,-4193471,Label,IMPORTED,MSVCP120.DLL
?_Addfac@_Locimp@locale@std@@AAEXPAVfacet@23@I@Z,834,-4193470,Function,IMPORTED,MSVCP120.DLL
??1facet@locale@std@@MAE@XZ,835,-4193469,Function,IMPORTED,MSVCP120.DLL
??0facet@locale@std@@IAE@I@Z,836,-4193468,Function,IMPORTED,MSVCP120.DLL
?_Decref@facet@locale@std@@UAEPAV_Facet_base@3@XZ,837,-4193467,Function,IMPORTED,MSVCP120.DLL
?_Incref@facet@locale@std@@UAEXXZ,838,-4193466,Function,IMPORTED,MSVCP120.DLL
?_Getcat@facet@locale@std@@SAIPAPBV123@PBV23@@Z,839,-4193465,Function,IMPORTED,MSVCP120.DLL
?pubsetbuf@?$basic_streambuf@DU?$char_traits@D@std@@@std@@QAEPAV12@PAD_J@Z,840,-4193464,Function,IMPORTED,MSVCP120.DLL
?write@?$basic_ostream@DU?$char_traits@D@std@@@std@@QAEAAV12@PBD_J@Z,841,-4193463,Function,IMPORTED,MSVCP120.DLL
?_Fiopen@std@@YAPAU_iobuf@@PB_WHH@Z,842,-4193462,Function,IMPORTED,MSVCP120.DLL
?setf@ios_base@std@@QAEHH@Z,843,-4193461,Function,IMPORTED,MSVCP120.DLL
_Inf,844,-4193460,Label,IMPORTED,MSVCP120.DLL
_Nan,845,-4193459,Label,IMPORTED,MSVCP120.DLL
?get@?$basic_istream@DU?$char_traits@D@std@@@std@@QAEHXZ,846,-4193458,Function,IMPORTED,MSVCP120.DLL
??5?$basic_istream@DU?$char_traits@D@std@@@std@@QAEAAV01@AAG@Z,847,-4193457,Function,IMPORTED,MSVCP120.DLL
?tolower@?$ctype@D@std@@QBEDD@Z,848,-4193456,Label,IMPORTED,MSVCP120.DLL
??6?$basic_ostream@DU?$char_traits@D@std@@@std@@QAEAAV01@K@Z,849,-4193455,Function,IMPORTED,MSVCP120.DLL
??5?$basic_istream@DU?$char_traits@D@std@@@std@@QAEAAV01@AA_N@Z,850,-4193454,Function,IMPORTED,MSVCP120.DLL
??5?$basic_istream@DU?$char_traits@D@std@@@std@@QAEAAV01@AAK@Z,851,-4193453,Function,IMPORTED,MSVCP120.DLL
?peek@?$basic_istream@DU?$char_traits@D@std@@@std@@QAEHXZ,852,-4193452,Function,IMPORTED,MSVCP120.DLL
??5?$basic_istream@DU?$char_traits@D@std@@@std@@QAEAAV01@AA_K@Z,853,-4193451,Function,IMPORTED,MSVCP120.DLL
?putback@?$basic_istream@DU?$char_traits@D@std@@@std@@QAEAAV12@D@Z,854,-4193450,Function,IMPORTED,MSVCP120.DLL
??0_Locinfo@std@@QAE@PBD@Z,855,-4193449,Function,IMPORTED,MSVCP120.DLL
??1_Locinfo@std@@QAE@XZ,856,-4193448,Function,IMPORTED,MSVCP120.DLL
?_Getcvt@_Locinfo@std@@QBE?AU_Cvtvec@@XZ,857,-4193447,Function,IMPORTED,MSVCP120.DLL
?_Getlconv@_Locinfo@std@@QBEPBUlconv@@XZ,858,-4193446,Label,IMPORTED,MSVCP120.DLL
?_Getfalse@_Locinfo@std@@QBEPBDXZ,859,-4193445,Function,IMPORTED,MSVCP120.DLL
?_Gettrue@_Locinfo@std@@QBEPBDXZ,860,-4193444,Function,IMPORTED,MSVCP120.DLL
memmove,861,-4193443,Function,IMPORTED,MSVCR120.DLL
_purecall,862,-4193442,Label,IMPORTED,MSVCR120.DLL
??3@YAXPAX@Z,863,-4193441,Function,IMPORTED,MSVCR120.DLL
??2@YAPAXI@Z,864,-4193440,Function,IMPORTED,MSVCR120.DLL
_wcsicmp,865,-4193439,Function,IMPORTED,MSVCR120.DLL
fputc,866,-4193438,Function,IMPORTED,MSVCR120.DLL
_mbsicmp,867,-4193437,Function,IMPORTED,MSVCR120.DLL
??1bad_cast@std@@UAE@XZ,868,-4193436,Function,IMPORTED,MSVCR120.DLL
??0bad_cast@std@@QAE@PBD@Z,869,-4193435,Function,IMPORTED,MSVCR120.DLL
??0bad_cast@std@@QAE@ABV01@@Z,870,-4193434,Function,IMPORTED,MSVCR120.DLL
??0exception@std@@QAE@ABV01@@Z,871,-4193433,Function,IMPORTED,MSVCR120.DLL
_unlock_file,872,-4193432,Function,IMPORTED,MSVCR120.DLL
fputs,873,-4193431,Function,IMPORTED,MSVCR120.DLL
ungetc,874,-4193430,Function,IMPORTED,MSVCR120.DLL
strchr,875,-4193429,Function,IMPORTED,MSVCR120.DLL
fgetpos,876,-4193428,Function,IMPORTED,MSVCR120.DLL
_fseeki64,877,-4193427,Function,IMPORTED,MSVCR120.DLL
fflush,878,-4193426,Function,IMPORTED,MSVCR120.DLL
fgetc,879,-4193425,Function,IMPORTED,MSVCR120.DLL
fopen_s,880,-4193424,Function,IMPORTED,MSVCR120.DLL
fsetpos,881,-4193423,Function,IMPORTED,MSVCR120.DLL
setvbuf,882,-4193422,Function,IMPORTED,MSVCR120.DLL
_lock_file,883,-4193421,Function,IMPORTED,MSVCR120.DLL
??_V@YAXPAX@Z,884,-4193420,Function,IMPORTED,MSVCR120.DLL
fread,885,-4193419,Function,IMPORTED,MSVCR120.DLL
memcpy_s,886,-4193418,Function,IMPORTED,MSVCR120.DLL
fwrite,887,-4193417,Function,IMPORTED,MSVCR120.DLL
ftell,888,-4193416,Function,IMPORTED,MSVCR120.DLL
?terminate@@YAXXZ,889,-4193415,Label,IMPORTED,MSVCR120.DLL
fseek,890,-4193414,Function,IMPORTED,MSVCR120.DLL
fclose,891,-4193413,Function,IMPORTED,MSVCR120.DLL
sprintf,892,-4193412,Function,IMPORTED,MSVCR120.DLL
tolower,893,-4193411,Function,IMPORTED,MSVCR120.DLL
rand,894,-4193410,Function,IMPORTED,MSVCR120.DLL
_stricmp,895,-4193409,Function,IMPORTED,MSVCR120.DLL
free,896,-4193408,Function,IMPORTED,MSVCR120.DLL
malloc,897,-4193407,Function,IMPORTED,MSVCR120.DLL
strncpy,898,-4193406,Function,IMPORTED,MSVCR120.DLL
__libm_sse2_sinf,899,-4193405,Function,IMPORTED,MSVCR120.DLL
_beginthreadex,900,-4193404,Function,IMPORTED,MSVCR120.DLL
log2,901,-4193403,Function,IMPORTED,MSVCR120.DLL
??1exception@std@@UAE@XZ,902,-4193402,Function,IMPORTED,MSVCR120.DLL
??0exception@std@@QAE@ABQBD@Z,903,-4193401,Function,IMPORTED,MSVCR120.DLL
_strnicmp,904,-4193400,Function,IMPORTED,MSVCR120.DLL
strtok,905,-4193399,Function,IMPORTED,MSVCR120.DLL
atoi,906,-4193398,Function,IMPORTED,MSVCR120.DLL
_strlwr,907,-4193397,Function,IMPORTED,MSVCR120.DLL
calloc,908,-4193396,Function,IMPORTED,MSVCR120.DLL
strstr,909,-4193395,Function,IMPORTED,MSVCR120.DLL
fopen,910,-4193394,Function,IMPORTED,MSVCR120.DLL
fprintf,911,-4193393,Function,IMPORTED,MSVCR120.DLL
exit,912,-4193392,Function,IMPORTED,MSVCR120.DLL
sprintf_s,913,-4193391,Function,IMPORTED,MSVCR120.DLL
memchr,914,-4193390,Function,IMPORTED,MSVCR120.DLL
_errno,915,-4193389,Function,IMPORTED,MSVCR120.DLL
strtol,916,-4193388,Function,IMPORTED,MSVCR120.DLL
_dtest,917,-4193387,Function,IMPORTED,MSVCR120.DLL
_fdtest,918,-4193386,Function,IMPORTED,MSVCR120.DLL
strrchr,919,-4193385,Function,IMPORTED,MSVCR120.DLL
vfprintf,920,-4193384,Function,IMPORTED,MSVCR120.DLL
sscanf,921,-4193383,Function,IMPORTED,MSVCR120.DLL
isspace,922,-4193382,Function,IMPORTED,MSVCR120.DLL
putc,923,-4193381,Function,IMPORTED,MSVCR120.DLL
strncmp,924,-4193380,Function,IMPORTED,MSVCR120.DLL
realloc,925,-4193379,Function,IMPORTED,MSVCR120.DLL
strerror,926,-4193378,Function,IMPORTED,MSVCR120.DLL
_snprintf,927,-4193377,Function,IMPORTED,MSVCR120.DLL
remove,928,-4193376,Function,IMPORTED,MSVCR120.DLL
strncat,929,-4193375,Function,IMPORTED,MSVCR120.DLL
toupper,930,-4193374,Function,IMPORTED,MSVCR120.DLL
printf,931,-4193373,Function,IMPORTED,MSVCR120.DLL
isdigit,932,-4193372,Function,IMPORTED,MSVCR120.DLL
_vsnprintf,933,-4193371,Function,IMPORTED,MSVCR120.DLL
_time64,934,-4193370,Function,IMPORTED,MSVCR120.DLL
setlocale,935,-4193369,Function,IMPORTED,MSVCR120.DLL
_chdir,936,-4193368,Function,IMPORTED,MSVCR120.DLL
abort,937,-4193367,Label,IMPORTED,MSVCR120.DLL
?set_terminate@@YAP6AXXZP6AXXZ@Z,938,-4193366,Function,IMPORTED,MSVCR120.DLL
_controlfp,939,-4193365,Function,IMPORTED,MSVCR120.DLL
srand,940,-4193364,Function,IMPORTED,MSVCR120.DLL
_getcwd,941,-4193363,Function,IMPORTED,MSVCR120.DLL
_chmod,942,-4193362,Function,IMPORTED,MSVCR120.DLL
fgets,943,-4193361,Function,IMPORTED,MSVCR120.DLL
isalpha,944,-4193360,Function,IMPORTED,MSVCR120.DLL
_stat64i32,945,-4193359,Function,IMPORTED,MSVCR120.DLL
strtoul,946,-4193358,Function,IMPORTED,MSVCR120.DLL
isgraph,947,-4193357,Function,IMPORTED,MSVCR120.DLL
isalnum,948,-4193356,Function,IMPORTED,MSVCR120.DLL
atof,949,-4193355,Function,IMPORTED,MSVCR120.DLL
getc,950,-4193354,Function,IMPORTED,MSVCR120.DLL
vsprintf,951,-4193353,Function,IMPORTED,MSVCR120.DLL
??0exception@std@@QAE@XZ,952,-4193352,Function,IMPORTED,MSVCR120.DLL
??0exception@std@@QAE@ABQBDH@Z,953,-4193351,Function,IMPORTED,MSVCR120.DLL
_gmtime64,954,-4193350,Function,IMPORTED,MSVCR120.DLL
??9type_info@@QBE_NABV0@@Z,955,-4193349,Function,IMPORTED,MSVCR120.DLL
??8type_info@@QBE_NABV0@@Z,956,-4193348,Function,IMPORTED,MSVCR120.DLL
_localtime64_s,957,-4193347,Function,IMPORTED,MSVCR120.DLL
strftime,958,-4193346,Function,IMPORTED,MSVCR120.DLL
_localtime64,959,-4193345,Function,IMPORTED,MSVCR120.DLL
_strupr,960,-4193344,Function,IMPORTED,MSVCR120.DLL
fmaxf,961,-4193343,Function,IMPORTED,MSVCR120.DLL
fesetround,962,-4193342,Function,IMPORTED,MSVCR120.DLL
fegetround,963,-4193341,Function,IMPORTED,MSVCR120.DLL
__iob_func,964,-4193340,Function,IMPORTED,MSVCR120.DLL
_open_osfhandle,965,-4193339,Function,IMPORTED,MSVCR120.DLL
_fdopen,966,-4193338,Function,IMPORTED,MSVCR120.DLL
modf,967,-4193337,Function,IMPORTED,MSVCR120.DLL
isprint,968,-4193336,Function,IMPORTED,MSVCR120.DLL
_HUGE,969,-4193335,Label,IMPORTED,MSVCR120.DLL
qsort,970,-4193334,Function,IMPORTED,MSVCR120.DLL
bsearch,971,-4193333,Function,IMPORTED,MSVCR120.DLL
memcpy,972,-4193332,Function,IMPORTED,MSVCR120.DLL
memset,973,-4193331,Function,IMPORTED,MSVCR120.DLL
feof,974,-4193330,Function,IMPORTED,MSVCR120.DLL
ferror,975,-4193329,Function,IMPORTED,MSVCR120.DLL
freopen,976,-4193328,Function,IMPORTED,MSVCR120.DLL
memcmp,977,-4193327,Function,IMPORTED,MSVCR120.DLL
strtod,978,-4193326,Function,IMPORTED,MSVCR120.DLL
strcspn,979,-4193325,Function,IMPORTED,MSVCR120.DLL
__libm_sse2_powf,980,-4193324,Function,IMPORTED,MSVCR120.DLL
__libm_sse2_expf,981,-4193323,Function,IMPORTED,MSVCR120.DLL
__libm_sse2_cosf,982,-4193322,Function,IMPORTED,MSVCR120.DLL
__libm_sse2_asinf,983,-4193321,Function,IMPORTED,MSVCR120.DLL
__libm_sse2_acosf,984,-4193320,Function,IMPORTED,MSVCR120.DLL
__RTDynamicCast,985,-4193319,Function,IMPORTED,MSVCR120.DLL
vsprintf_s,986,-4193318,Function,IMPORTED,MSVCR120.DLL
_unlink,987,-4193317,Function,IMPORTED,MSVCR120.DLL
_fmode,988,-4193316,Label,IMPORTED,MSVCR120.DLL
_commode,989,-4193315,Label,IMPORTED,MSVCR120.DLL
_except_handler4_common,990,-4193314,Function,IMPORTED,MSVCR120.DLL
__crtSetUnhandledExceptionFilter,991,-4193313,Function,IMPORTED,MSVCR120.DLL
_invoke_watson,992,-4193312,Function,IMPORTED,MSVCR120.DLL
_controlfp_s,993,-4193311,Function,IMPORTED,MSVCR120.DLL
?what@exception@std@@UBEPBDXZ,994,-4193310,Function,IMPORTED,MSVCR120.DLL
_setjmp3,995,-4193309,Function,IMPORTED,MSVCR120.DLL
strcoll,996,-4193308,Function,IMPORTED,MSVCR120.DLL
__libm_sse2_pow,997,-4193307,Function,IMPORTED,MSVCR120.DLL
isupper,998,-4193306,Function,IMPORTED,MSVCR120.DLL
islower,999,-4193305,Function,IMPORTED,MSVCR120.DLL
isxdigit,1000,-4193304,Function,IMPORTED,MSVCR120.DLL
ispunct,1001,-4193303,Function,IMPORTED,MSVCR120.DLL
iscntrl,1002,-4193302,Function,IMPORTED,MSVCR120.DLL
strpbrk,1003,-4193301,Function,IMPORTED,MSVCR120.DLL
frexp,1004,-4193300,Function,IMPORTED,MSVCR120.DLL
ldexp,1005,-4193299,Function,IMPORTED,MSVCR120.DLL
_CIcosh,1006,-4193298,Function,IMPORTED,MSVCR120.DLL
_CIfmod,1007,-4193297,Function,IMPORTED,MSVCR120.DLL
_CIsinh,1008,-4193296,Function,IMPORTED,MSVCR120.DLL
_CItanh,1009,-4193295,Function,IMPORTED,MSVCR120.DLL
__libm_sse2_acos,1010,-4193294,Function,IMPORTED,MSVCR120.DLL
__libm_sse2_asin,1011,-4193293,Function,IMPORTED,MSVCR120.DLL
__libm_sse2_atan,1012,-4193292,Function,IMPORTED,MSVCR120.DLL
__libm_sse2_atan2,1013,-4193291,Function,IMPORTED,MSVCR120.DLL
__libm_sse2_cos,1014,-4193290,Function,IMPORTED,MSVCR120.DLL
__libm_sse2_exp,1015,-4193289,Function,IMPORTED,MSVCR120.DLL
__libm_sse2_log,1016,-4193288,Function,IMPORTED,MSVCR120.DLL
__libm_sse2_log10,1017,-4193287,Function,IMPORTED,MSVCR120.DLL
__libm_sse2_tanf,1018,-4193286,Function,IMPORTED,MSVCR120.DLL
floor,1019,-4193285,Function,IMPORTED,MSVCR120.DLL
log2f,1020,-4193284,Function,IMPORTED,MSVCR120.DLL
_except1,1021,-4193283,Function,IMPORTED,MSVCR120.DLL
__libm_sse2_sin,1022,-4193282,Function,IMPORTED,MSVCR120.DLL
__libm_sse2_tan,1023,-4193281,Function,IMPORTED,MSVCR120.DLL
ceil,1024,-4193280,Function,IMPORTED,MSVCR120.DLL
getenv,1025,-4193279,Function,IMPORTED,MSVCR120.DLL
localeconv,1026,-4193278,Function,IMPORTED,MSVCR120.DLL
_aligned_free,1027,-4193277,Function,IMPORTED,MSVCR120.DLL
_aligned_malloc,1028,-4193276,Function,IMPORTED,MSVCR120.DLL
_CxxThrowException,1029,-4193275,Function,IMPORTED,MSVCR120.DLL
__CxxFrameHandler3,1030,-4193274,Function,IMPORTED,MSVCR120.DLL
_lock,1031,-4193273,Function,IMPORTED,MSVCR120.DLL
_unlock,1032,-4193272,Function,IMPORTED,MSVCR120.DLL
_calloc_crt,1033,-4193271,Function,IMPORTED,MSVCR120.DLL
__dllonexit,1034,-4193270,Function,IMPORTED,MSVCR120.DLL
_onexit,1035,-4193269,Function,IMPORTED,MSVCR120.DLL
??1type_info@@UAE@XZ,1036,-4193268,Function,IMPORTED,MSVCR120.DLL
_crt_debugger_hook,1037,-4193267,Function,IMPORTED,MSVCR120.DLL
__crtUnhandledException,1038,-4193266,Function,IMPORTED,MSVCR120.DLL
__crtTerminateProcess,1039,-4193265,Function,IMPORTED,MSVCR120.DLL
_XcptFilter,1040,-4193264,Function,IMPORTED,MSVCR120.DLL
__crtGetShowWindowMode,1041,-4193263,Function,IMPORTED,MSVCR120.DLL
_amsg_exit,1042,-4193262,Label,IMPORTED,MSVCR120.DLL
__getmainargs,1043,-4193261,Function,IMPORTED,MSVCR120.DLL
__set_app_type,1044,-4193260,Function,IMPORTED,MSVCR120.DLL
_exit,1045,-4193259,Function,IMPORTED,MSVCR120.DLL
_cexit,1046,-4193258,Function,IMPORTED,MSVCR120.DLL
_ismbblead,1047,-4193257,Function,IMPORTED,MSVCR120.DLL
_configthreadlocale,1048,-4193256,Function,IMPORTED,MSVCR120.DLL
__setusermatherr,1049,-4193255,Function,IMPORTED,MSVCR120.DLL
_initterm_e,1050,-4193254,Function,IMPORTED,MSVCR120.DLL
_initterm,1051,-4193253,Function,IMPORTED,MSVCR120.DLL
_acmdln,1052,-4193252,Label,IMPORTED,MSVCR120.DLL
longjmp,1053,-4193251,Label,IMPORTED,MSVCR120.DLL
WSAAddressToStringA,1054,-4193250,Function,IMPORTED,WS2_32.DLL
WSAStringToAddressW,1055,-4193249,Function,IMPORTED,WS2_32.DLL
getpeername,1056,-4193248,Function,IMPORTED,WS2_32.DLL
ioctlsocket,1057,-4193247,Function,IMPORTED,WS2_32.DLL
WSAIoctl,1058,-4193246,Function,IMPORTED,WS2_32.DLL
connect,1059,-4193245,Function,IMPORTED,WS2_32.DLL
WSAAddressToStringW,1060,-4193244,Function,IMPORTED,WS2_32.DLL
WSAStartup,1061,-4193243,Function,IMPORTED,WS2_32.DLL
ntohl,1062,-4193242,Function,IMPORTED,WS2_32.DLL
htonl,1063,-4193241,Function,IMPORTED,WS2_32.DLL
getaddrinfo,1064,-4193240,Function,IMPORTED,WS2_32.DLL
WSARecv,1065,-4193239,Function,IMPORTED,WS2_32.DLL
WSASocketW,1066,-4193238,Function,IMPORTED,WS2_32.DLL
WSASend,1067,-4193237,Function,IMPORTED,WS2_32.DLL
WSAGetLastError,1068,-4193236,Label,IMPORTED,WS2_32.DLL
htons,1069,-4193235,Function,IMPORTED,WS2_32.DLL
WSARecvFrom,1070,-4193234,Function,IMPORTED,WS2_32.DLL
ntohs,1071,-4193233,Function,IMPORTED,WS2_32.DLL
getsockname,1072,-4193232,Function,IMPORTED,WS2_32.DLL
shutdown,1073,-4193231,Function,IMPORTED,WS2_32.DLL
setsockopt,1074,-4193230,Function,IMPORTED,WS2_32.DLL
WSACleanup,1075,-4193229,Function,IMPORTED,WS2_32.DLL
bind,1076,-4193228,Function,IMPORTED,WS2_32.DLL
freeaddrinfo,1077,-4193227,Function,IMPORTED,WS2_32.DLL
__WSAFDIsSet,1078,-4193226,Function,IMPORTED,WS2_32.DLL
WSASetLastError,1079,-4193225,Label,IMPORTED,WS2_32.DLL
closesocket,1080,-4193224,Function,IMPORTED,WS2_32.DLL
getsockopt,1081,-4193223,Function,IMPORTED,WS2_32.DLL
listen,1082,-4193222,Function,IMPORTED,WS2_32.DLL
accept,1083,-4193221,Function,IMPORTED,WS2_32.DLL
WSASendTo,1084,-4193220,Function,IMPORTED,WS2_32.DLL
select,1085,-4193219,Function,IMPORTED,WS2_32.DLL
GetAdaptersAddresses,1086,-4193218,Function,IMPORTED,IPHLPAPI.DLL
IMAGE_DOS_HEADER_00400000,4194304,0,Label,DEFAULT,Global
DAT_00401000,4198400,4096,Label,DEFAULT,Global
entry,8646238,4451934,Label,IMPORTED,Global
PTR_CryptEnumProvidersA_00869000,8818688,4624384,Label,DEFAULT,Global
IMAGE_DEBUG_DIRECTORY_0086e780,8841088,4646784,Label,DEFAULT,Global
IMAGE_LOAD_CONFIG_DIRECTORY32_008a30a8,9056424,4862120,Label,DEFAULT,Global
IMAGE_DIRECTORY_ENTRY_EXPORT_008d8770,9275248,5080944,Label,DEFAULT,Global
DAT_008d8798,9275288,5080984,Label,DEFAULT,Global
DAT_008d87a0,9275296,5080992,Label,DEFAULT,Global
WORD_008d87a8,9275304,5081000,Label,DEFAULT,Global
s_battlezone98redux.exe_008d87ac,9275308,5081004,Label,DEFAULT,Global
s_AmdPowerXpressRequestHighPerform_008d87c2,9275330,5081026,Label,DEFAULT,Global
s_NvOptimusEnablement_008d87e7,9275367,5081063,Label,DEFAULT,Global
DWORD_008d87fc,9275388,5081084,Label,DEFAULT,Global
DAT_008e7000,9334784,5140480,Label,DEFAULT,Global
AmdPowerXpressRequestHighPerformance,9335396,5141092,Label,IMPORTED,Global
Ordinal_1,9335396,5141092,Label,IMPORTED,Global
NvOptimusEnablement,9336300,5141996,Label,IMPORTED,Global
Ordinal_2,9336300,5141996,Label,IMPORTED,Global
IMAGE_RESOURCE_DIRECTORY_02cf5000,47140864,42946560,Label,DEFAULT,Global
Rsrc_Dialog_65_409,47141536,42947232,Label,IMPORTED,Global
Rsrc_Dialog_66_409,47142432,42948128,Label,IMPORTED,Global
Rsrc_Icon_1_409,47142800,42948496,Label,IMPORTED,Global
Rsrc_Icon_2_409,47143928,42949624,Label,IMPORTED,Global
Rsrc_Icon_3_409,47146368,42952064,Label,IMPORTED,Global
Rsrc_Icon_4_409,47150632,42956328,Label,IMPORTED,Global
Rsrc_Icon_5_409,47160272,42965968,Label,IMPORTED,Global
Rsrc_Icon_6_409,47177208,42982904,Label,IMPORTED,Global
Rsrc_GroupIcon_c9_409,47244832,43050528,Label,IMPORTED,Global
Rsrc_Version_1_409,47244928,43050624,Label,IMPORTED,Global
Rsrc_Manifest_1_409,47246168,43051864,Label,IMPORTED,Global
